tree
version=v4
num_class=1
num_tree_per_iteration=1
label_index=0
max_feature_idx=9
objective=binary sigmoid:1
feature_names=Column_0 Column_1 Column_2 Column_3 Column_4 Column_5 Column_6 Column_7 Column_8 Column_9
feature_infos=[0:23.841868028129717] [0.0078649516505392425:1.2828218431536724] [9.2156536147247614e-06:0.9979265967950921] [2.2703821825553752e-05:0.89988308648028092] [0.0011755124853279786:0.99996241341658831] [0.00035842935328989078:0.99932394246711032] [0.00024293443451273156:0.99699050281255108] [0:1] [0:1] [0:1]
tree_sizes=671 1084 1085 1086 1188 1184 1191 1194 1189 1195 1188 1191 1193 1189 1194 1196 1191 1193 1197 1196 1196 1195 1198 1198 1199 1201 1200 1206 1203 1201 1205 1198 1201 1204 1204 1205 1204 1201 1203 1202 1198 1199 1203 1200 1205 1204 1203 1205 1204 1204 1200 1202 1205 1207 1214 1205 1214 1205 1210 1212 1218 1215 1217 1221 1213 1218 1224 1221 1224 1222 1224 1227 1217 1218 1221 1224 1224 1226 1225 1228 1224 1230 1229 1235 1239 1236 1235 1235 1233 1237 1242 1242 1243 1244 1247 1245 1253 1240 1248 1246

Tree=0
num_leaves=5
num_cat=0
split_feature=3 1 0 0
split_gain=1587.51 1.82283 1.13687e-13 1.13687e-13
threshold=0.099613038042497132 0.35261034298112442 1.9696891216957941 13.757391445554337
decision_type=2 2 2 2
left_child=2 -2 -1 -3
right_child=1 3 -4 -5
leaf_value=-0.58918825331646318 -0.23369718298128009 -0.17096346468683599 -0.58918825331646318 -0.17096346468683599
leaf_weight=224.75951343774796 4.7821173071861258 115.48813296854496 5.7385407686233512 31.801080092787743
leaf_count=940 20 483 24 133
internal_value=-0.423728 -0.172936 -0.589188 -0.170963
internal_weight=382.569 152.071 230.498 147.289
internal_count=1600 636 964 616
is_linear=0
shrinkage=1


Tree=1
num_leaves=9
num_cat=0
split_feature=4 3 1 3 0 0 1 1
split_gain=1279.83 1.09298 0.0203241 0.00616412 1.13687e-13 1.13687e-13 1.13687e-13 5.68434e-14
threshold=0.2994349604775432 0.32094757359339848 0.36357402311192027 0.097862625465911304 1.9696891216957941 17.69985985514602 0.95471364548871007 0.35545882183827965
decision_type=2 2 2 2 2 2 2 2
left_child=3 -2 -3 4 7 6 -4 -1
right_child=1 2 5 -5 -6 -7 -8 -9
leaf_value=-0.15547773615405075 0.17498897456511783 0.22516775817509443 0.21864474056387256 -0.15907495080169939 -0.15547773615405075 0.21864474056387256 0.21864474056387256 -0.15547773615405075
leaf_weight=151.69937896728516 5.9003229886293402 4.9370426386594763 126.07649320363998 4.8708490133285514 5.5079956054687491 7.1972801238298407 13.650014027953146 59.210952758789062
leaf_count=661 24 20 508 21 24 29 55 258
internal_value=-0.000408373 0.217216 0.218857 -0.155557 -0.155478 0.218645 0.218645 -0.155478
internal_weight=379.05 157.761 151.861 221.289 216.418 146.924 139.727 210.91
internal_count=1600 636 612 964 943 592 563 919
is_linear=0
shrinkage=0.1


Tree=2
num_leaves=9
num_cat=0
split_feature=5 4 1 3 3 4 0 0
split_gain=1057.92 0.83532 0.00954402 0.00916561 0.00382799 0.00375695 5.68434e-14 5.68434e-14
threshold=0.49852655424705855 0.51600954165885882 0.36357402311192027 0.32094757359339848 0.097862625465911304 0.29280876728880939 1.9407953914789062 0.34382432311862621
decision_type=2 2 2 2 2 2 2 2
left_child=4 -2 -3 -4 5 6 7 -1
right_child=1 2 3 -5 -6 -7 -8 -9
leaf_value=-0.14748929939390762 0.15730001796638138 0.19993724332953972 0.19959826306592754 0.19534375767100576 -0.15045672277183819 -0.15036489256154156 -0.14748929939390762 -0.14748929939390762
leaf_weight=18.993016541004181 5.9019488096237174 4.9993721246719351 5.2499787211418143 142.66889637708664 4.646351382136344 4.6483198553323737 5.8943844437599173 176.3949122428894
leaf_count=87 24 20 21 571 21 21 27 808
internal_value=-0.000648906 0.194215 0.19564 0.195495 -0.147618 -0.147554 -0.147489 -0.147489
internal_weight=369.397 158.82 152.918 147.919 210.577 205.931 201.282 195.388
internal_count=1600 636 612 592 964 943 922 895
is_linear=0
shrinkage=0.1


Tree=3
num_leaves=9
num_cat=0
split_feature=5 0 1 3 4 3 4 5
split_gain=888.41 1.17625 0.00488075 0.00464467 0.00463263 0.00243334 0.00237341 0.00224524
threshold=0.50240353187017794 2.0409438758565419 0.36357402311192027 0.32094757359339848 0.51600954165885882 0.097862625465911304 0.29280876728880939 0.48581834662724571
decision_type=2 2 2 2 2 2 2 2
left_child=1 5 -2 -4 -5 6 7 -1
right_child=2 -3 3 4 -6 -7 -8 -9
leaf_value=-0.14097715625613416 0.18183081128683221 -0.090284026434984108 0.18157692635684874 0.18146626150773071 0.17842518416197906 -0.14346404915871089 -0.14338068598255624 -0.14326314996482459
leaf_weight=182.46838241815567 4.9493286460638037 4.6564344465732566 5.195954203605651 5.1952360421419135 139.92379832267761 4.3982833921909323 4.4000242352485648 4.4000796228647223
leaf_count=885 20 22 21 21 568 21 21 21
internal_value=-0.000799868 -0.139956 0.178741 0.178639 0.178534 -0.141139 -0.141085 -0.141031
internal_weight=355.588 200.323 155.264 150.315 145.119 195.667 191.268 186.868
internal_count=1600 970 630 610 589 948 927 906
is_linear=0
shrinkage=0.1


Tree=4
num_leaves=10
num_cat=0
split_feature=5 1 5 3 4 3 4 0 5
split_gain=756.498 0.768977 0.00454051 0.00269273 0.00190936 0.00166339 0.00161341 0.00104478 1.67772e-06
threshold=0.49852655424705855 0.35261034298112442 0.5153378482134624 0.32094757359339848 0.51825651279408647 0.097862625465911304 0.29280876728880939 1.9696891216957941 0.48157033213192929
decision_type=2 2 2 2 2 2 2 2 2
left_child=5 -2 -3 -4 -5 6 7 8 -1
right_child=1 2 3 4 -6 -7 -8 -9 -10
leaf_value=-0.13558904643567629 0.12504831949981327 0.1688156793822464 0.16803140889823959 0.16746241257178357 0.16560432747250112 -0.13769934959396499 -0.13762356866611222 -0.13712404709611653 -0.13552811111257271
leaf_weight=169.38508301973343 4.7635407000780097 5.0549383610486975 5.0599685311317435 5.7730756849050513 131.56840595602989 4.1375838071107855 4.1391008645296088 4.540167808532714 4.642205446958541
leaf_count=875 20 21 21 24 550 21 21 23 24
internal_value=-0.000895194 0.164593 0.16587 0.165766 0.165682 -0.135717 -0.135672 -0.135626 -0.135587
internal_weight=339.064 152.22 147.456 142.401 137.341 186.844 182.707 178.567 174.027
internal_count=1600 636 616 595 574 964 943 922 899
is_linear=0
shrinkage=0.1


Tree=5
num_leaves=10
num_cat=0
split_feature=4 4 1 5 3 3 5 0 4
split_gain=650.459 0.57177 0.00773549 0.00604695 0.00271268 0.00119946 0.00104101 0.000656146 1.18325e-05
threshold=0.2994349604775432 0.51600954165885882 0.36357402311192027 0.48581834662724571 0.32485513018750017 0.097862625465911304 0.52002319050246137 1.9696891216957941 0.29051191358994949
decision_type=2 2 2 2 2 2 2 2 2
left_child=3 -2 -3 5 -4 7 -6 8 -1
right_child=1 2 4 -5 6 -7 -8 -9 -10
leaf_value=-0.13107641308746548 0.12301300762392918 0.15988356562044284 0.15782326983302364 -0.13510919816546604 0.15702542297124975 -0.13288515982014279 0.15559528560924657 -0.13230589546404428 -0.13090156834502825
leaf_weight=158.44768640398979 5.4973013103008261 4.6827738881111136 6.0301326066255561 3.937196508049964 5.3063568025827399 3.8723763674497595 124.69382520020008 4.428188055753707 3.9674468636512747
leaf_count=876 24 20 26 21 23 21 543 24 22
internal_value=-0.000962622 0.154651 0.155887 -0.131235 0.15575 -0.131145 0.155654 -0.131105 -0.131072
internal_weight=320.863 146.21 140.713 174.653 136.03 170.716 130 166.843 162.415
internal_count=1600 636 612 964 592 943 566 922 898
is_linear=0
shrinkage=0.1


Tree=6
num_leaves=10
num_cat=0
split_feature=3 1 4 4 5 3 5 0 3
split_gain=563.559 0.53941 0.00455294 0.00436789 0.00435622 0.00170751 0.000678663 0.000471065 2.70501e-05
threshold=0.099613038042497132 0.35261034298112442 0.29280876728880939 0.51600954165885882 0.48581834662724571 0.32485513018750017 0.52002319050246137 1.9696891216957941 0.097368283141906875
decision_type=2 2 2 2 2 2 2 2 2
left_child=2 -2 4 -3 7 -5 -7 8 -1
right_child=1 3 -4 5 -6 6 -8 -9 -10
leaf_value=-0.12725872667231752 0.11232074246968871 0.15081127578986073 -0.13091964990092519 0.14939052765547986 -0.13076346124848826 0.14876259044053511 0.1475794821108177 -0.12835689395098965 -0.12699571916704935
leaf_weight=147.27820274233818 4.4224165081977835 4.6915005147457114 3.6772587746381751 5.7479088306426993 3.6747396737337104 5.0539088249206534 119.27791002392769 3.9577884376049033 4.0171631276607505
leaf_count=875 20 21 21 26 21 23 546 23 24
internal_value=-0.00100997 0.146686 -0.127441 0.147814 -0.12736 0.147705 0.147628 -0.12728 -0.127252
internal_weight=301.799 139.194 162.605 134.771 158.928 130.08 124.332 155.253 151.295
internal_count=1600 636 964 616 943 595 569 922 899
is_linear=0
shrinkage=0.1


Tree=7
num_leaves=10
num_cat=0
split_feature=3 1 1 4 3 5 4 5 3
split_gain=491.158 0.840732 0.00724216 0.0034741 0.00351748 0.00308311 0.00277452 0.00102066 0.000430775
threshold=0.30488551123755581 0.50622681413563042 0.36357402311192027 0.29280876728880939 0.097862625465911304 0.48581834662724571 0.51600954165885882 0.52002319050246137 0.32485513018750017
decision_type=2 2 2 2 2 2 2 2 2
left_child=1 3 -2 4 5 -1 -4 -8 -9
right_child=2 -3 6 -5 -6 -7 7 8 -10
leaf_value=-0.12402633950048961 0.14542159656134548 -0.073038429952665393 0.14369821232317462 -0.12755180119733309 -0.12741969785414772 -0.12706695639836585 0.14255271411149115 0.14204448475858106 0.14105545535270936
leaf_weight=139.00692011415958 4.2909220904111853 3.2770260721445075 4.4440628290176383 3.1092747598886481 3.2635199278593054 3.4167396426200858 5.0047636479139319 4.5840220153331748 112.04460190236568
leaf_count=890 20 20 21 19 20 21 24 22 543
internal_value=-0.00104367 -0.123141 0.141382 -0.124244 -0.124174 -0.124099 0.141244 0.141154 0.141094
internal_weight=282.442 152.073 130.368 148.796 145.687 142.424 126.077 121.633 116.629
internal_count=1600 970 630 950 931 911 610 589 565
is_linear=0
shrinkage=0.1


Tree=8
num_leaves=10
num_cat=0
split_feature=4 1 1 3 4 3 5 4 5
split_gain=430.212 0.729214 0.00458774 0.00251482 0.00248905 0.00252627 0.00220954 0.0012326 0.000286624
threshold=0.50239711465725778 0.50622681413563042 0.36357402311192027 0.32485513018750017 0.29280876728880939 0.097862625465911304 0.48581834662724571 0.51825651279408647 0.52002319050246137
decision_type=2 2 2 2 2 2 2 2 2
left_child=1 4 -2 -4 5 6 -1 -5 -9
right_child=2 -3 3 7 -6 -7 -8 8 -10
leaf_value=-0.12122386381048658 0.13927934707548481 -0.072600423794881047 0.13801152061239305 0.13736799482998263 -0.12432351447003907 -0.12421088315837601 -0.1238977361428884 0.13647097258650326 0.13565486596417267
leaf_weight=128.53582963347435 4.0447933226823798 3.1297176480293265 5.1691010147333136 4.5531339347362509 2.8826527446508399 3.0252832919359198 3.1665728688240042 4.4887954890727988 104.23901197314262
leaf_count=890 20 20 26 23 19 20 21 23 538
internal_value=-0.00106365 -0.12033 0.135968 0.135854 -0.121416 -0.121354 -0.121288 0.135756 0.135689
internal_weight=263.235 140.74 122.495 118.45 137.61 134.728 131.702 113.281 108.728
internal_count=1600 970 630 610 950 931 911 584 561
is_linear=0
shrinkage=0.1


Tree=9
num_leaves=10
num_cat=0
split_feature=5 1 4 4 3 3 1 5 0
split_gain=378.208 0.464995 0.00332277 0.00187922 0.00189336 0.00179494 0.000527917 0.000199648 0.000168365
threshold=0.49852655424705855 0.35261034298112442 0.51600954165885882 0.29280876728880939 0.097862625465911304 0.32485513018750017 0.50044760575971226 0.52002319050246137 1.9696891216957941
decision_type=2 2 2 2 2 2 2 2 2
left_child=3 -2 -3 4 6 -4 8 -7 -1
right_child=1 2 5 -5 -6 7 -8 -9 -10
leaf_value=-0.11877553711946631 0.095832358234819962 0.13418768581290208 0.13312553260162416 -0.12144083997636534 -0.12139539125405326 0.13183053748820844 -0.12018613386674404 0.13112635286010296 -0.1195173469079806
leaf_weight=116.98380145430565 3.8120832890272132 3.9743360877037039 4.8398724645376197 2.9476177692413321 2.9377094060182563 4.1971237510442725 2.7910296618938437 98.841623693704605 3.1417886763811103
leaf_count=879 20 21 26 21 21 23 20 546 23
internal_value=-0.00107725 0.130178 0.131348 -0.118945 -0.118886 0.131243 -0.118827 0.131155 -0.118795
internal_weight=244.467 115.665 111.853 128.802 125.854 107.879 122.917 103.039 120.126
internal_count=1600 636 616 964 943 595 922 569 902
is_linear=0
shrinkage=0.1


Tree=10
num_leaves=10
num_cat=0
split_feature=4 5 1 5 4 3 3 1 0
split_gain=333.968 0.402607 0.00420295 0.00377242 0.00172277 0.00136926 0.00106954 0.000423055 0.000107882
threshold=0.2994349604775432 0.5153378482134624 0.36357402311192027 0.48581834662724571 0.51825651279408647 0.097862625465911304 0.32094757359339848 0.50044760575971226 1.9696891216957941
decision_type=2 2 2 2 2 2 2 2 2
left_child=3 -2 -3 5 -4 7 -6 8 -1
right_child=1 2 4 -5 6 -7 -8 -9 -10
leaf_value=-0.11667240256061016 0.095754943420284538 0.13093365563650189 0.12939740611045381 -0.12051174689967513 0.12908910083341171 -0.11899493584271684 0.12730268118135143 -0.11792676039904655 -0.11727902810736933
leaf_weight=107.2911237180233 4.13438457250595 3.6011848896741858 4.3727636337280265 2.7633987218141547 3.4779008328914633 2.7090022861957541 92.154665425419807 2.8321630060672751 3.0139658451080313
leaf_count=876 24 20 25 21 20 21 547 22 24
internal_value=-0.00109137 0.126356 0.127577 -0.11686 0.127456 -0.116773 0.127368 -0.11672 -0.116689
internal_weight=226.351 107.741 103.607 118.61 100.005 115.846 95.6326 113.137 110.305
internal_count=1600 636 612 964 592 943 567 922 900
is_linear=0
shrinkage=0.1


Tree=11
num_leaves=10
num_cat=0
split_feature=3 1 4 5 4 3 5 1 0
split_gain=295.812 0.368547 0.00317652 0.00285549 0.00162855 0.00087085 0.00048354 0.000278087 8.34918e-05
threshold=0.099613038042497132 0.35261034298112442 0.29280876728880939 0.48581834662724571 0.51600954165885882 0.32485513018750017 0.52002319050246137 0.50044760575971226 1.9696891216957941
decision_type=2 2 2 2 2 2 2 2 2
left_child=2 -2 3 7 -3 -6 -7 8 -1
right_child=1 4 -4 -5 5 6 -8 -9 -10
leaf_value=-0.11483465557996519 0.09066034238240521 0.12636272280922792 -0.11851644805012894 -0.11826523664164393 0.12555982348111619 0.12520732953584096 0.1240368553772478 -0.11592039786522733 -0.11540246917378089
leaf_weight=98.769428536295891 3.3847960084676734 3.454680770635604 2.5664768889546385 2.5454739332199088 4.1940331310033789 3.6817981898784629 85.303591445088387 2.4844395443797103 2.6593200489878646
leaf_count=878 20 21 21 21 26 23 546 21 23
internal_value=-0.00110247 0.123095 -0.11504 -0.114956 0.124231 0.124152 0.124085 -0.114875 -0.11485
internal_weight=209.044 100.019 109.025 106.459 96.6341 93.1794 88.9854 103.913 101.429
internal_count=1600 636 964 943 616 595 569 922 901
is_linear=0
shrinkage=0.1


Tree=12
num_leaves=10
num_cat=0
split_feature=3 0 1 4 3 5 4 5 3
split_gain=262.578 0.706179 0.00339962 0.00222609 0.00228535 0.00210753 0.00115624 0.000567995 3.40028e-05
threshold=0.30488551123755581 2.0715536119842977 0.36357402311192027 0.29280876728880939 0.097862625465911304 0.48581834662724571 0.51600954165885882 0.52002319050246137 0.32485513018750017
decision_type=2 2 2 2 2 2 2 2 2
left_child=1 3 -2 4 5 -1 -4 -8 -9
right_child=2 -3 6 -5 -6 -7 7 8 -10
leaf_value=-0.11325661908640366 0.12470786381832394 -0.053407380488444213 0.12323932188782592 -0.11651731870347998 -0.11648758601278622 -0.11629549746173558 0.12253634128488518 0.12156836442833469 0.12123632565655498
leaf_weight=91.968727223575115 3.1672471463680258 1.9961239546537388 3.2010380625724784 2.3600362241268149 2.3523356914520255 2.3402424752712241 3.5796785354614249 3.2103666663169852 78.453707054257393
leaf_count=890 20 17 21 21 21 21 24 22 543
internal_value=-0.00111096 -0.112296 0.121489 -0.113483 -0.113409 -0.113332 0.121373 0.121303 0.121249
internal_weight=192.63 101.017 91.612 99.0213 96.6613 94.309 88.4448 85.2438 81.6641
internal_count=1600 970 630 953 932 911 610 589 565
is_linear=0
shrinkage=0.1


Tree=13
num_leaves=10
num_cat=0
split_feature=4 0 1 4 3 5 3 5 4
split_gain=233.628 0.623105 0.00230635 0.00163959 0.00168583 0.00155501 0.00112125 0.000364165 0.00013423
threshold=0.50239711465725778 2.0715536119842977 0.36357402311192027 0.29280876728880939 0.097862625465911304 0.48581834662724571 0.32485513018750017 0.5153378482134624 0.51825651279408647
decision_type=2 2 2 2 2 2 2 2 2
left_child=1 3 -2 4 5 -1 -4 -8 -9
right_child=2 -3 6 -5 -6 -7 7 8 -10
leaf_value=-0.11183717244166476 0.12181463890317479 -0.054295376149565894 0.12067518974118506 -0.11475838617266959 -0.11473377389827077 -0.11456191356372812 0.12000652202749235 0.11950885244280265 0.11881123343855722
leaf_weight=84.218692503869534 2.930383473634719 1.9079765528440464 3.6384553909301749 2.1664966717362395 2.1593442335724822 2.1479347050189963 2.7641743123531333 2.8674193918704978 72.360571965575218
leaf_count=890 20 17 26 21 21 21 20 21 543
internal_value=-0.00111274 -0.110851 0.119058 -0.11204 -0.111974 -0.111905 0.118959 0.118879 0.118838
internal_weight=177.161 92.6004 84.561 90.6925 88.526 86.3666 81.6306 77.9922 75.228
internal_count=1600 970 630 953 932 911 610 584 564
is_linear=0
shrinkage=0.1


Tree=14
num_leaves=10
num_cat=0
split_feature=5 0 1 4 4 3 5 3 5
split_gain=208.271 0.555689 0.00157486 0.00134613 0.00120943 0.00124527 0.00114885 0.000803479 1.17475e-05
threshold=0.50240353187017794 2.0715536119842977 0.36357402311192027 0.51600954165885882 0.29280876728880939 0.097862625465911304 0.48581834662724571 0.32094757359339848 0.52002319050246137
decision_type=2 2 2 2 2 2 2 2 2
left_child=1 4 -2 -4 5 6 -1 -5 -9
right_child=2 -3 3 7 -6 -7 -8 8 -10
leaf_value=-0.11058471318157462 0.11931566356689736 -0.054950574171907664 0.11901968366740906 0.11846284914259549 -0.1132056837952912 -0.1131852418543887 -0.11303120727791327 0.11691930434402692 0.11670261750431066
leaf_weight=77.023020759224892 2.7041835635900489 1.8227967768907536 2.7778621464967719 2.7193037942051879 1.9858337119221676 1.9792141318321217 1.9685000181198109 2.5988867133855811 67.082621842622757
leaf_count=890 20 17 21 21 21 21 21 21 547
internal_value=-0.00111319 -0.109567 0.116945 0.116859 -0.110768 -0.110708 -0.110646 0.116777 0.116711
internal_weight=162.662 84.7794 77.8829 75.1787 82.9566 80.9707 78.9915 72.4008 69.6815
internal_count=1600 970 630 610 953 932 911 589 568
is_linear=0
shrinkage=0.1


Tree=15
num_leaves=10
num_cat=0
split_feature=5 1 5 4 3 0 3 4 1
split_gain=185.915 0.319991 0.000914403 0.000909155 0.000936845 0.00057759 0.000538724 0.000471998 7.49489e-05
threshold=0.49852655424705855 0.35261034298112442 0.52002319050246137 0.29280876728880939 0.097862625465911304 2.0409438758565419 0.32094757359339848 0.51825651279408647 0.50044760575971226
decision_type=2 2 2 2 2 2 2 2 2
left_child=3 -2 -3 4 5 8 -4 -8 -1
right_child=1 2 6 -5 -6 -7 7 -9 -10
leaf_value=-0.109452445275232 0.079180825999111068 0.11669433354974693 0.11641361372332421 -0.11183111878245156 -0.11181408080796806 -0.11131863696740507 0.1162049531342339 0.1148605825470308 -0.11013079289718274
leaf_weight=69.670163609087467 2.5783723443746558 3.2397204935550681 2.5016077384352675 1.8178096190094937 1.8117016628384579 1.7278809323906887 2.7276087552309027 61.388542123138905 1.6677629053592671
leaf_count=883 20 27 21 21 21 19 23 545 20
internal_value=-0.00111263 0.113777 0.115054 -0.109621 -0.109568 -0.109512 0.114974 0.114918 -0.109468
internal_weight=149.131 72.4359 69.8575 76.6953 74.8775 73.0658 66.6178 64.1162 71.3379
internal_count=1600 636 616 964 943 922 589 568 903
is_linear=0
shrinkage=0.1


Tree=16
num_leaves=10
num_cat=0
split_feature=4 3 5 1 5 3 0 4 1
split_gain=166.326 0.274862 0.00160228 0.001316 0.000696821 0.00069267 0.000414384 0.000336159 5.95297e-05
threshold=0.2994349604775432 0.32094757359339848 0.48581834662724571 0.36357402311192027 0.52002319050246137 0.097862625465911304 2.0409438758565419 0.51825651279408647 0.50044760575971226
decision_type=2 2 2 2 2 2 2 2 2
left_child=2 -2 5 -3 -5 6 8 -6 -1
right_child=1 3 -4 4 7 -7 -8 -9 -10
leaf_value=-0.10847243748569241 0.080818534670016165 0.11579164274540765 -0.11168300836185692 0.11487023978707918 0.11443503986815694 -0.1105969742659012 -0.11012723362630812 0.11325081532816175 -0.10907628539978996
leaf_weight=63.436252914369106 2.6873625665903083 2.344016581773757 1.7021989971399296 2.9755736142396918 2.5042499229311934 1.6564110964536656 1.5794979780912388 55.996215596795082 1.6757212877273548
leaf_count=881 24 20 21 27 23 21 19 542 22
internal_value=-0.00111683 0.112147 -0.108652 0.113466 0.113377 -0.108577 -0.108527 0.113302 -0.108488
internal_weight=136.558 66.5074 70.0501 63.8201 61.476 68.3479 66.6915 58.5005 65.112
internal_count=1600 636 964 612 592 943 922 565 903
is_linear=0
shrinkage=0.1


Tree=17
num_leaves=10
num_cat=0
split_feature=3 1 4 5 3 4 0 5 1
split_gain=149.016 0.261567 0.00132091 0.00123245 0.000620875 0.000508926 0.000299267 0.000175296 4.09265e-05
threshold=0.099613038042497132 0.35261034298112442 0.29280876728880939 0.48581834662724571 0.32485513018750017 0.51600954165885882 2.0409438758565419 0.52002319050246137 0.50044760575971226
decision_type=2 2 2 2 2 2 2 2 2
left_child=2 -2 3 6 -3 -6 8 -7 -1
right_child=1 4 -4 -5 5 7 -8 -9 -10
leaf_value=-0.10760092975222287 0.077170728667735139 0.11348899470389906 -0.11065529932776477 -0.11049894816088264 0.11343413329342954 0.11272820013528667 -0.10907196098605293 0.11182958920319973 -0.10813720738924436
leaf_weight=57.902028441429138 2.2385904267430297 2.667916812002658 1.5715146139264096 1.5558724254369725 2.1561180651187888 2.266092173755168 1.4423078596591938 51.647014267742634 1.4589236602187146
leaf_count=882 20 26 21 21 21 23 19 546 21
internal_value=-0.0011207 0.11072 -0.107792 -0.10772 0.111999 0.111928 -0.107649 0.111867 -0.107614
internal_weight=124.906 60.9757 63.9306 62.3591 58.7371 56.0692 60.8033 53.9131 59.361
internal_count=1600 636 964 943 616 590 922 569 903
is_linear=0
shrinkage=0.1


Tree=18
num_leaves=10
num_cat=0
split_feature=4 1 1 4 3 5 3 5 4
split_gain=133.569 0.446877 0.00102483 0.00100786 0.000999861 0.000920707 0.000471384 0.000177499 1.88523e-05
threshold=0.50239711465725778 0.50770792135647258 0.36357402311192027 0.29280876728880939 0.097862625465911304 0.48581834662724571 0.32485513018750017 0.5153378482134624 0.51825651279408647
decision_type=2 2 2 2 2 2 2 2 2
left_child=1 3 -2 4 5 -1 -4 -8 -9
right_child=2 -3 6 -5 -6 -7 7 8 -10
leaf_value=-0.10686284829111244 0.11298802913214881 -0.049759883668974589 0.11205056281736095 -0.10980356318872111 -0.10966753790399349 -0.10944212823651273 0.11159564584536713 0.11090444609183431 0.11057993122156531
leaf_weight=53.506013542413712 2.0213926509022704 1.3940078020095814 2.4434291124343863 1.3083802089095105 1.3669630475342263 1.4207103922963131 1.8291925489902485 1.8610837459564198 46.981778666377068
leaf_count=891 20 19 26 19 20 21 20 21 543
internal_value=-0.00112393 -0.105706 0.110778 -0.10706 -0.106996 -0.10693 0.110694 0.110629 0.110592
internal_weight=114.133 58.9961 55.1369 57.6021 56.2937 54.9267 53.1155 50.6721 48.8429
internal_count=1600 970 630 951 932 912 610 584 564
is_linear=0
shrinkage=0.1


Tree=19
num_leaves=10
num_cat=0
split_feature=3 0 4 3 5 1 4 5 3
split_gain=119.899 0.411863 0.000720464 0.000735274 0.000691747 0.000651629 0.000583139 0.000176227 1.90802e-05
threshold=0.30488551123755581 2.0715536119842977 0.29280876728880939 0.097862625465911304 0.48581834662724571 0.36644027603609375 0.51600954165885882 0.52002319050246137 0.32485513018750017
decision_type=2 2 2 2 2 2 2 2 2
left_child=1 2 3 4 -1 -2 -7 -8 -9
right_child=5 -3 -4 -5 -6 6 7 8 -10
leaf_value=-0.1061565715132487 0.11143462799603532 -0.048316224276858971 -0.10864888059583565 -0.10861911098407187 -0.1084973669217412 0.11133827583443812 0.11044365347631031 0.10980604503873381 0.10947265424321354
leaf_weight=48.605310004204512 2.0086740478873244 1.2525780051946629 1.3154432326555241 1.308081954717635 1.2961332947015751 1.8487575873732556 2.0083509460091582 1.7884231954812992 42.761948511004448
leaf_count=890 22 17 21 21 21 21 24 22 541
internal_value=-0.00112096 -0.104987 -0.106338 -0.106279 -0.106217 0.10967 0.109597 0.109527 0.109486
internal_weight=104.194 53.7775 52.525 51.2095 49.9014 50.4162 48.4075 46.5587 44.5504
internal_count=1600 970 953 932 911 630 608 587 563
is_linear=0
shrinkage=0.1


Tree=20
num_leaves=10
num_cat=0
split_feature=5 0 4 3 5 1 3 4 5
split_gain=107.72 0.365561 0.000535498 0.000546948 0.000514829 0.000398787 0.000358506 0.00044868 4.51055e-07
threshold=0.50240353187017794 2.0715536119842977 0.29280876728880939 0.097862625465911304 0.48581834662724571 0.38614334803712524 0.32485513018750017 0.51600954165885882 0.52002319050246137
decision_type=2 2 2 2 2 2 2 2 2
left_child=1 2 3 4 -1 -2 -7 -8 -9
right_child=5 -3 -4 -5 -6 6 7 8 -10
leaf_value=-0.10553653621886808 0.11004726910794876 -0.049643552545565801 -0.10778719663915409 -0.1077611016450218 -0.1076516503104915 0.10993668914128502 0.11015574242231677 0.10854588227706352 0.10849040423310484
leaf_weight=44.225090652704239 2.0527769327163687 1.1923323795199383 1.1992912143468846 1.1925438381731499 1.1815325394272793 1.9788890257477749 1.6898624151945103 1.5230162516236294 38.808565109968185
leaf_count=890 25 17 21 21 21 25 21 21 538
internal_value=-0.0011179 -0.104336 -0.105701 -0.105647 -0.105592 0.108685 0.108621 0.108559 0.108492
internal_weight=95.0439 48.9908 47.7985 46.5992 45.4066 46.0531 44.0003 42.0214 40.3316
internal_count=1600 970 953 932 911 630 605 580 559
is_linear=0
shrinkage=0.1


Tree=21
num_leaves=10
num_cat=0
split_feature=5 0 4 3 3 1 0 4 1
split_gain=96.7885 0.212344 0.000404704 0.000413465 0.000389202 0.000263925 0.00024806 0.000246944 3.14867e-05
threshold=0.49852655424705855 1.4433226832775274 0.29280876728880939 0.097862625465911304 0.32485513018750017 0.39651245588443146 2.0409438758565419 0.51825651279408647 0.50044760575971226
decision_type=2 2 2 2 2 2 2 2 2
left_child=2 -2 3 6 -3 -6 8 -7 -1
right_child=1 4 -4 -5 5 7 -8 -9 -10
leaf_value=-0.10496269953186702 0.074003110696683652 0.1092098181436692 -0.10701509263014604 -0.10699215283701535 0.10893833306199259 0.10886077252199522 -0.10651376575397871 0.10765963457078571 -0.10553377842506242
leaf_weight=39.773554939776659 1.9423600733280171 1.993786260485648 1.0925929844379414 1.0864172615110863 1.8629604279994953 1.7995983585715283 1.0775172598659981 35.019610524177551 0.98947981745004554
leaf_count=883 28 27 21 21 25 25 19 531 20
internal_value=-0.00111455 0.106305 -0.105115 -0.105066 0.107847 0.107777 -0.105016 0.107718 -0.104977
internal_weight=86.6379 42.6183 44.0196 42.927 40.676 38.6822 41.8406 36.8192 40.763
internal_count=1600 636 964 943 608 581 922 556 903
is_linear=0
shrinkage=0.1


Tree=22
num_leaves=10
num_cat=0
split_feature=3 5 5 4 1 3 4 0 1
split_gain=87.114 0.197117 0.000887825 0.000316635 0.000198515 0.000188225 0.000192114 0.000181032 2.4456e-05
threshold=0.099613038042497132 0.5153378482134624 0.49046569081706209 0.29280876728880939 0.39334553715561821 0.32485513018750017 0.51825651279408647 2.0409438758565419 0.50044760575971226
decision_type=2 2 2 2 2 2 2 2 2
left_child=2 -2 3 7 -3 -6 -7 8 -1
right_child=1 4 -4 -5 5 6 -8 -9 -10
leaf_value=-0.10446699652147649 0.071906217043177498 0.10803836848598905 -0.10795486173917401 -0.10632249691363055 0.10799744519796746 0.10798015216978968 0.10685000998577487 -0.10585644800671555 -0.10498217973404407
leaf_weight=36.34537860006094 1.6719360649585713 1.7715022340416897 0.7862807884812345 0.99473018199205299 1.6473212428390969 1.5778233408927906 32.217921696603298 0.98072278499603172 0.94539746269583602
leaf_count=888 24 26 15 21 25 24 537 19 21
internal_value=-0.00111764 0.105496 -0.104628 -0.104561 0.107005 0.106954 0.106903 -0.104515 -0.10448
internal_weight=78.939 38.8865 40.0525 39.2662 37.2146 35.4431 33.7957 38.2715 37.2908
internal_count=1600 636 964 949 612 586 561 928 909
is_linear=0
shrinkage=0.1


Tree=23
num_leaves=10
num_cat=0
split_feature=4 3 3 5 5 1 0 4 1
split_gain=78.4746 0.177894 0.000706592 0.000677348 0.000269891 0.000191625 0.000132349 7.51919e-05 1.88886e-05
threshold=0.2994349604775432 0.32094757359339848 0.098352617581168936 0.49046569081706209 0.52002319050246137 0.36644027603609375 2.0409438758565419 0.51825651279408647 0.50044760575971226
decision_type=2 2 2 2 2 2 2 2 2
left_child=2 -2 3 6 -3 -6 8 -7 -1
right_child=1 4 -4 -5 5 7 -8 -9 -10
leaf_value=-0.10402273228427968 0.071559873948690789 0.10754408501641269 -0.10728037785250166 -0.10717268399636236 0.10738626935414566 0.10691898376924591 -0.10526884391741975 0.1061554776425713 -0.10448687736713635
leaf_weight=33.196289766579866 1.540524087846278 1.6711864918470372 0.72584757581353088 0.71638353914022346 1.397045288234948 1.3488573953509355 0.89209508895873924 29.495169352740049 0.90056891739368339
leaf_count=893 24 27 15 15 22 23 19 540 22
internal_value=-0.00112042 0.104795 -0.104192 -0.104129 0.106305 0.106241 -0.104066 0.106189 -0.104035
internal_weight=71.884 35.4528 36.4312 35.7053 33.9123 32.2411 34.989 30.844 34.0969
internal_count=1600 636 964 949 612 585 934 563 915
is_linear=0
shrinkage=0.1


Tree=24
num_leaves=10
num_cat=0
split_feature=4 5 4 3 3 1 5 0 0
split_gain=70.6874 0.355252 0.000524739 0.000544956 0.000237269 0.00012012 0.000112822 9.66986e-05 3.84749e-06
threshold=0.50239711465725778 0.49465736478710609 0.2943273898966316 0.098352617581168936 0.32485513018750017 0.37398174131538148 0.5153378482134624 2.0409438758565419 1.4433226832775274
decision_type=2 2 2 2 2 2 2 2 2
left_child=1 2 3 7 -2 -6 -7 -1 -8
right_child=4 -3 -4 -5 5 6 8 -9 -10
leaf_value=-0.10363672627106955 0.10688958741142295 -0.031982172584502935 -0.10657050062211133 -0.10656645578047907 0.10657662769712589 0.10656839135634733 0.10571744402771066 -0.10474293558082957 0.10553267622782503
leaf_weight=30.765621937811378 1.5506970956921602 0.70385971665382285 0.66119255870580573 0.66094935312867065 1.2614257000386739 1.1102397739887262 1.1766206286847616 0.81104708462953468 26.725640125572681
leaf_count=909 27 12 15 15 22 20 23 19 538
internal_value=-0.00112313 -0.102278 -0.103782 -0.103725 0.105683 0.105621 0.10558 -0.103665 0.10554
internal_weight=65.4273 33.6027 32.8988 32.2376 31.8246 30.2739 29.0125 31.5767 27.9023
internal_count=1600 970 958 943 630 603 581 928 561
is_linear=0
shrinkage=0.1


Tree=25
num_leaves=10
num_cat=0
split_feature=3 3 5 4 5 1 4 0 3
split_gain=63.6887 0.341334 0.000514722 0.000405758 0.000169511 9.6837e-05 7.85588e-05 7.08105e-05 7.8485e-06
threshold=0.30488551123755581 0.09909089732061642 0.49046569081706209 0.2943273898966316 0.52002319050246137 0.36644027603609375 0.51825651279408647 2.0409438758565419 0.32485513018750017
decision_type=2 2 2 2 2 2 2 2 2
left_child=1 2 3 7 -2 -6 -7 -1 -8
right_child=4 -3 -4 -5 5 6 8 -9 -10
leaf_value=-0.10327866660514583 0.10619951948102919 -0.030664889692187156 -0.10626540230041831 -0.10592810838165201 0.10596469071310806 0.10582649854033875 0.10526813028550336 -0.10427170767326562 0.10498186221453976
leaf_weight=27.929101759567871 1.3954239226877714 0.65908466652035613 0.62192323431372543 0.60171478614210983 1.1584093235433126 1.1844006739556814 0.99714305624366062 0.73701304942369361 24.227538883686066
leaf_count=909 27 12 15 15 22 24 21 19 536
internal_value=-0.00112018 -0.101849 -0.103419 -0.103358 0.105124 0.10507 0.105031 -0.103304 0.104993
internal_weight=59.5118 30.5488 29.8898 29.2678 28.9629 27.5675 26.4091 28.6661 25.2247
internal_count=1600 970 958 943 630 603 581 928 557
is_linear=0
shrinkage=0.1


Tree=26
num_leaves=10
num_cat=0
split_feature=5 0 3 5 4 3 4 1 0
split_gain=57.4324 0.393444 0.000401349 0.000384909 0.000303968 0.00015165 0.000135078 7.17907e-05 2.03061e-06
threshold=0.50240353187017794 2.1573261029864308 0.098352617581168936 0.49046569081706209 0.2943273898966316 0.32485513018750017 0.51600954165885882 0.36644027603609375 1.4433226832775274
decision_type=2 2 2 2 2 2 2 2 2
left_child=1 2 3 4 -1 -2 -7 -8 -9
right_child=5 -3 -4 -5 -6 6 7 8 -10
leaf_value=-0.10296826298901372 0.1057061264048383 -0.015057033180191741 -0.10574670652920073 -0.10565449308608764 -0.10535007132052772 0.10571263731895009 0.10535377320216328 0.10463122811009631 0.10448362251587417
leaf_weight=25.556324098259225 1.2393887042999292 0.51683871448039909 0.57399840652942558 0.56582725793123145 0.54728899337351222 0.99867170676589267 1.0036176294088388 0.97297473251819866 22.13587860763073
leaf_count=914 26 11 15 15 15 21 21 23 539
internal_value=-0.00111718 -0.101491 -0.10313 -0.103074 -0.103018 0.104626 0.104573 0.104526 0.10449
internal_weight=54.1108 27.7603 27.2434 26.6694 26.1036 26.3505 25.1111 24.1125 23.1089
internal_count=1600 970 959 944 929 630 604 583 562
is_linear=0
shrinkage=0.1


Tree=27
num_leaves=10
num_cat=0
split_feature=4 4 3 5 3 0 5 1 1
split_gain=51.7672 0.130312 0.000305093 0.000292885 0.000178884 5.79581e-05 5.46764e-05 5.28887e-05 5.54484e-06
threshold=0.2994349604775432 0.51825651279408647 0.098352617581168936 0.49046569081706209 0.32485513018750017 2.0409438758565419 0.52002319050246137 0.36644027603609375 0.50044760575971226
decision_type=2 2 2 2 2 2 2 2 2
left_child=2 -2 3 5 -3 8 -6 -8 -1
right_child=1 4 -4 -5 6 -7 7 -9 -10
leaf_value=-0.10265906001343197 0.072078396345368806 0.10538230028120794 -0.10518743947158007 -0.10510446871225472 0.10484961080956041 -0.10363811124540079 0.10481883903961231 0.10404035757848418 -0.10296398467934378
leaf_weight=22.529618313536062 1.3386875018477464 1.1600997596979166 0.52199584990739722 0.51452431082725425 0.95098746195435779 0.63151866756379504 0.91250868141651409 20.006063867360353 0.61256808415055175
leaf_count=893 30 26 15 15 23 19 21 536 22
internal_value=-0.00111504 0.102409 -0.102795 -0.102744 0.104172 -0.102693 0.104108 0.104074 -0.102667
internal_weight=49.1786 24.3683 24.8102 24.2882 23.0297 23.7737 21.8696 20.9186 23.1422
internal_count=1600 636 964 949 606 934 580 557 915
is_linear=0
shrinkage=0.1


Tree=28
num_leaves=10
num_cat=0
split_feature=4 0 4 3 5 3 5 1 4
split_gain=46.7184 0.359522 0.000336554 0.000228683 0.000219907 0.000128444 5.38004e-05 3.7991e-05 2.79843e-06
threshold=0.50239711465725778 2.1573261029864308 0.2943273898966316 0.098352617581168936 0.49046569081706209 0.32485513018750017 0.5153378482134624 0.36644027603609375 0.51825651279408647
decision_type=2 2 2 2 2 2 2 2 2
left_child=1 2 3 4 -1 -2 -7 -8 -9
right_child=5 -3 -4 -5 -6 6 7 8 -10
leaf_value=-0.10241654422805682 0.10482164405608592 -0.013966785425726056 -0.10517961760451043 -0.10468370580933711 -0.10460901325135702 0.10452620147074961 0.10433964113008264 0.1038379352418724 0.10364050969035066
leaf_weight=21.030653363093748 1.0920125618577028 0.46749689429998298 0.48340605385601421 0.47447828762233157 0.46765344589948554 0.77515264227986591 0.82927055284381168 0.74723304435611027 18.334995448589325
leaf_count=914 27 11 15 15 15 20 21 21 541
internal_value=-0.00111842 -0.100763 -0.10257 -0.102512 -0.102464 0.103765 0.103709 0.103677 0.103648
internal_weight=44.7024 22.9237 22.4562 21.9728 21.4983 21.7787 20.6867 19.9115 19.0822
internal_count=1600 970 959 944 929 630 603 583 562
is_linear=0
shrinkage=0.1


Tree=29
num_leaves=10
num_cat=0
split_feature=3 0 4 3 5 5 4 1 3
split_gain=42.1801 0.313393 0.000249856 0.000169604 0.000163133 9.74475e-05 5.59755e-05 3.2892e-05 1.9928e-06
threshold=0.30488551123755581 2.1573261029864308 0.2943273898966316 0.098352617581168936 0.49046569081706209 0.52002319050246137 0.51825651279408647 0.36357402311192027 0.32485513018750017
decision_type=2 2 2 2 2 2 2 2 2
left_child=1 2 3 4 -1 -2 -7 -8 -9
right_child=5 -3 -4 -5 -6 6 7 8 -10
leaf_value=-0.1021813107360675 0.10437600490614357 -0.017793753773796394 -0.10467864132862899 -0.10422978469098294 -0.10416250327518961 0.10414950280830436 0.10397461348182416 0.10345747722887765 0.10328249826279237
leaf_weight=19.070897750556483 0.98302864655852573 0.44829412177204986 0.43939051032066245 0.43110011890530486 0.424871776252984 0.84617988392710941 0.73018689826131122 0.6775056347250964 16.554413897916675
leaf_count=914 27 11 15 15 15 24 20 21 538
internal_value=-0.00111612 -0.100499 -0.10232 -0.102268 -0.102224 0.103405 0.103355 0.103317 0.103289
internal_weight=40.6059 20.8146 20.3663 19.9269 19.4958 19.7913 18.8083 17.9621 17.2319
internal_count=1600 970 959 944 929 630 603 579 559
is_linear=0
shrinkage=0.1


Tree=30
num_leaves=10
num_cat=0
split_feature=5 0 4 3 3 4 0 5 1
split_gain=38.1012 0.124863 0.000188411 0.000128209 0.000100882 7.52144e-05 6.22122e-05 2.21857e-05 2.11163e-06
threshold=0.49852655424705855 1.4756411950712263 0.2943273898966316 0.098352617581168936 0.32485513018750017 0.51825651279408647 2.0715536119842977 0.52002319050246137 0.50044760575971226
decision_type=2 2 2 2 2 2 2 2 2
left_child=2 -2 3 6 -3 -6 8 -7 -1
right_child=1 4 -4 -5 5 7 -8 -9 -10
leaf_value=-0.10195666679559268 0.065215192789033927 0.10413303251072692 -0.10422682520349549 -0.10382057753921961 0.10398492599142739 0.10355337014640115 -0.10320169909183628 0.10298223563551168 -0.10217943999793655
leaf_weight=16.920636015012875 0.91502903774380939 0.92075783386826771 0.39921260625123878 0.39153464138507743 0.83032803423702972 0.71258800476789375 0.41465260833501716 14.935276458039878 0.43646750599145789
leaf_count=899 29 27 15 15 25 23 14 532 21
internal_value=-0.00111358 0.101221 -0.102078 -0.102031 0.103114 0.103057 -0.101991 0.103008 -0.101962
internal_weight=36.8765 18.314 18.5625 18.1633 17.399 16.4782 17.7718 15.6479 17.3571
internal_count=1600 636 964 949 607 580 934 555 920
is_linear=0
shrinkage=0.1


Tree=31
num_leaves=10
num_cat=0
split_feature=5 0 5 4 3 3 4 1 0
split_gain=34.4416 0.246597 0.000171584 0.000142329 9.72929e-05 5.55236e-05 6.9672e-05 1.51432e-05 2.22159e-06
threshold=0.50240353187017794 2.1573261029864308 0.49046569081706209 0.2943273898966316 0.098352617581168936 0.32485513018750017 0.51600954165885882 0.36644027603609375 1.4756411950712263
decision_type=2 2 2 2 2 2 2 2 2
left_child=1 2 3 4 -1 -2 -7 -8 -9
right_child=5 -3 -4 -5 -6 6 7 8 -10
leaf_value=-0.10177851691691142 0.10360587654312699 -0.021444816126271513 -0.10402338008036061 -0.103819210205758 -0.10345155769125225 0.10375286519617961 0.10318280338003093 0.10285961140297373 0.1026701921170657
leaf_weight=15.672515235841285 0.78568163514137523 0.38973522186279197 0.37498407438397308 0.36256847903132339 0.35547455586493093 0.65599219314753909 0.62211690843105216 0.64865134097635646 13.627419520169495
leaf_count=914 26 11 15 15 15 21 21 24 538
internal_value=-0.00111665 -0.10008 -0.101908 -0.10186 -0.101816 0.102786 0.102744 0.1027 0.102679
internal_weight=33.4951 17.1553 16.7655 16.3906 16.028 16.3399 15.5542 14.8982 14.2761
internal_count=1600 970 959 944 929 630 604 583 562
is_linear=0
shrinkage=0.1


Tree=32
num_leaves=10
num_cat=0
split_feature=3 1 5 4 3 0 4 5 1
split_gain=31.1228 0.0949791 0.00012868 0.000106829 6.35561e-05 4.82061e-05 4.19107e-05 2.33041e-05 1.48918e-06
threshold=0.099613038042497132 0.39334553715561821 0.49046569081706209 0.2943273898966316 0.32485513018750017 2.0715536119842977 0.51825651279408647 0.52002319050246137 0.50264217782159526
decision_type=2 2 2 2 2 2 2 2 2
left_child=2 -2 3 5 -3 8 -6 -8 -1
right_child=1 4 -4 -5 6 -7 7 -9 -10
leaf_value=-0.10159591858943412 0.067611315016653059 0.1034400078515583 -0.10363581611288007 -0.103451360131878 0.1032329063102877 -0.10277470526100359 0.10305422899516044 0.10241501328132357 -0.10181056193437986
leaf_weight=13.930021706968541 0.82358629629015823 0.73654062487184901 0.34050383605063039 0.32917263451963741 0.71215055324137111 0.35867132246494371 0.59820505231618781 12.246488304808734 0.33090989012271244
leaf_count=901 29 26 15 15 26 14 23 532 19
internal_value=-0.00111381 0.100633 -0.101714 -0.10167 0.102535 -0.10163 0.102486 0.102445 -0.101601
internal_weight=30.4063 15.117 15.2893 14.9488 14.2934 14.6196 13.5568 12.8447 14.2609
internal_count=1600 636 964 949 607 934 581 555 920
is_linear=0
shrinkage=0.1


Tree=33
num_leaves=10
num_cat=0
split_feature=4 1 3 5 4 3 5 1 0
split_gain=28.0989 0.243333 9.942e-05 9.55527e-05 8.32257e-05 4.90398e-05 1.6143e-05 1.26033e-05 1.16728e-06
threshold=0.50239711465725778 0.51611552790832949 0.098352617581168936 0.49046569081706209 0.2943273898966316 0.32485513018750017 0.52002319050246137 0.36644027603609375 1.4756411950712263
decision_type=2 2 2 2 2 2 2 2 2
left_child=1 2 3 4 -1 -2 -7 -8 -9
right_child=5 -3 -4 -5 -6 6 7 8 -10
leaf_value=-0.10147003351032045 0.10309354621088232 -0.014996821580159676 -0.10334750538821201 -0.10328598798553393 -0.10320247289736961 0.10274121412999025 0.1026833037189034 0.10232894106836198 0.10217755199069467
leaf_weight=12.904156031087036 0.69494147039949794 0.33233099803328592 0.31416593957692462 0.30909099429845888 0.28338418435305435 0.59129899553954501 0.52955741062760253 0.53377042897045512 11.115677591413258
leaf_count=911 27 15 15 15 14 25 21 24 533
internal_value=-0.00111719 -0.0995542 -0.101589 -0.101548 -0.101507 0.102275 0.102231 0.102206 0.102184
internal_weight=27.6084 14.1431 13.8108 13.4966 13.1875 13.4652 12.7703 12.179 11.6494
internal_count=1600 970 955 940 925 630 603 578 557
is_linear=0
shrinkage=0.1


Tree=34
num_leaves=10
num_cat=0
split_feature=4 0 3 5 5 0 3 4 1
split_gain=25.4058 0.0853847 7.64499e-05 7.35601e-05 3.66115e-05 2.62288e-05 2.35381e-05 2.12786e-05 1.90625e-06
threshold=0.2994349604775432 1.925308569863571 0.098352617581168936 0.49046569081706209 0.52002319050246137 2.0715536119842977 0.32485513018750017 0.51825651279408647 0.50264217782159526
decision_type=2 2 2 2 2 2 2 2 2
left_child=2 -2 3 5 -3 8 -6 -8 -1
right_child=1 4 -4 -5 6 -7 7 -9 -10
leaf_value=-0.10130208020837542 0.067373119457944344 0.10284791938275031 -0.10302568010775076 -0.10297014686547441 0.10267533500902429 -0.10226263420052464 0.1026445315894659 0.10198232821303255 -0.10156343782403654
leaf_weight=11.43097426090389 0.75403349846601386 0.60332797281443973 0.28511185850948173 0.28049127012491304 0.56769726425409217 0.29534885287284929 0.50988261215388675 10.041843421757219 0.28605154249817211
leaf_count=901 34 26 15 15 25 14 23 528 19
internal_value=-0.00111455 0.0999912 -0.101407 -0.101369 0.102089 -0.101332 0.102048 0.102014 -0.101308
internal_weight=25.0548 12.4768 12.578 12.2929 11.7228 12.0124 11.1194 10.5517 11.717
internal_count=1600 636 964 949 602 934 576 551 920
is_linear=0
shrinkage=0.1


Tree=35
num_leaves=10
num_cat=0
split_feature=3 3 4 5 5 0 4 1 0
split_gain=22.9876 0.227686 8.62937e-05 5.45373e-05 2.87516e-05 1.93224e-05 1.48326e-05 8.01489e-06 1.56978e-06
threshold=0.30488551123755581 0.099613038042497132 0.2943273898966316 0.49046569081706209 0.52002319050246137 2.0715536119842977 0.51825651279408647 0.36357402311192027 1.6288732834679929
decision_type=2 2 2 2 2 2 2 2 2
left_child=1 2 3 5 -2 -1 -6 -8 -9
right_child=4 -3 -4 -5 6 -7 7 8 -10
leaf_value=-0.10118279864398115 0.10255957145013755 -0.0027934994144362072 -0.10305836002739868 -0.10268493064050982 0.10237192024112257 -0.10204288629894501 0.10222915964141435 0.10195596346299443 0.10177532327716102
leaf_weight=10.618441705591971 0.56866646371781726 0.23966817185282785 0.26658202521503049 0.25446804240346033 0.48122105374932189 0.26778887957334596 0.4238912146538486 0.50787025690078635 9.1168027371168119
leaf_count=920 27 6 15 15 24 14 20 27 532
internal_value=-0.00111833 -0.0992537 -0.10128 -0.101238 0.101867 -0.101204 0.10183 0.101804 0.101785
internal_weight=22.7454 11.6469 11.4073 11.1407 11.0985 10.8862 10.5298 10.0486 9.62467
internal_count=1600 970 964 949 630 934 603 579 559
is_linear=0
shrinkage=0.1


Tree=36
num_leaves=10
num_cat=0
split_feature=5 5 4 3 3 4 0 1 0
split_gain=20.7888 0.210912 6.32753e-05 6.63932e-05 1.94746e-05 2.58867e-05 1.42649e-05 5.19066e-06 1.16745e-06
threshold=0.50240353187017794 0.49852655424705855 0.2943273898966316 0.098352617581168936 0.32485513018750017 0.51600954165885882 2.0715536119842977 0.36644027603609375 1.4756411950712263
decision_type=2 2 2 2 2 2 2 2 2
left_child=1 2 3 6 -2 -6 -1 -7 -9
right_child=4 -3 -4 -5 5 7 -8 8 -10
leaf_value=-0.10106869499487579 0.10230474856384308 -0.0015343403796418958 -0.10276494879445713 -0.10275244760822666 0.10243252695620153 0.10198044760587217 -0.10184488204878187 0.10177492461395438 0.10160233558475303
leaf_weight=9.6160557158291287 0.49502233043312927 0.21692671254277307 0.24186703190207559 0.24556549079716283 0.41652258113026519 0.39628196135163207 0.2427525073289879 0.411235261708497 8.3503035614266974
leaf_count=920 26 6 15 15 21 21 14 24 538
internal_value=-0.00111672 -0.0991205 -0.101167 -0.101128 0.101693 0.101662 -0.101088 0.101626 0.10161
internal_weight=20.6325 10.5632 10.3462 10.1044 10.0694 9.57434 9.85881 9.15782 8.76154
internal_count=1600 970 964 949 630 604 934 583 562
is_linear=0
shrinkage=0.1


Tree=37
num_leaves=10
num_cat=0
split_feature=3 1 4 3 5 5 4 1 0
split_gain=18.766 0.23158 4.48508e-05 4.70399e-05 4.59114e-05 2.28365e-05 8.1481e-06 4.35204e-06 8.52311e-07
threshold=0.30488551123755581 0.54605223259553026 0.2943273898966316 0.098352617581168936 0.49046569081706209 0.52002319050246137 0.51825651279408647 0.36357402311192027 1.6288732834679929
decision_type=2 2 2 2 2 2 2 2 2
left_child=1 2 3 4 -1 -2 -7 -8 -9
right_child=5 -3 -4 -5 -6 6 7 8 -10
leaf_value=-0.10098140764666548 0.10220308869905118 0.0073392562964442395 -0.10249988849173833 -0.1024885343124675 -0.10244655699877331 0.1019361899094855 0.10181746418997968 0.10159542767376227 0.10144856861391414
leaf_weight=8.7253009555861301 0.47767277248203655 0.20120739191770631 0.2193874744698413 0.22273987252265293 0.21924775466322977 0.39553647115826507 0.34838986396789362 0.41720274370163668 7.486818540841341
leaf_count=914 27 11 15 15 15 24 20 27 532
internal_value=-0.00111518 -0.0988115 -0.101087 -0.101053 -0.101017 0.10153 0.101493 0.101472 0.101456
internal_weight=18.7135 9.58788 9.38668 9.16729 8.94455 9.12562 8.64795 8.25241 7.90402
internal_count=1600 970 959 944 929 630 603 579 559
is_linear=0
shrinkage=0.1


Tree=38
num_leaves=10
num_cat=0
split_feature=4 1 4 3 5 3 5 1 0
split_gain=16.9774 0.212814 3.32397e-05 3.48595e-05 3.4023e-05 2.4476e-05 5.80859e-06 2.79787e-06 6.23679e-07
threshold=0.50239711465725778 0.5540796561149538 0.2943273898966316 0.098352617581168936 0.49046569081706209 0.32485513018750017 0.52002319050246137 0.36644027603609375 1.4756411950712263
decision_type=2 2 2 2 2 2 2 2 2
left_child=1 2 3 4 -1 -2 -7 -8 -9
right_child=5 -3 -4 -5 -6 6 7 8 -10
leaf_value=-0.10088767958700846 0.10210769871808772 0.0087984375323445583 -0.10226039171403511 -0.10225009239479228 -0.10221217108522132 0.10173541170211449 0.10161542925263285 0.10144829669759854 0.10130906760630234
leaf_weight=7.9139494691044057 0.44823212549090197 0.18032065778970796 0.19895123876631338 0.20198944583535272 0.1988153401762246 0.36857118736952532 0.32555447425693262 0.3377223340794443 6.7974037807434797
leaf_count=915 27 10 15 15 15 25 21 24 533
internal_value=-0.00111405 -0.0987061 -0.100983 -0.100952 -0.10092 0.101389 0.101348 0.101329 0.101316
internal_weight=16.9715 8.69403 8.51371 8.31475 8.11276 8.27748 7.82925 7.46068 7.13513
internal_count=1600 970 960 945 930 630 603 578 557
is_linear=0
shrinkage=0.1


Tree=39
num_leaves=10
num_cat=0
split_feature=5 5 4 3 3 4 0 1 0
split_gain=15.3594 0.173532 2.56726e-05 2.69332e-05 1.20117e-05 1.58484e-05 5.71386e-06 2.0821e-06 4.68541e-07
threshold=0.50240353187017794 0.49852655424705855 0.2943273898966316 0.098352617581168936 0.32485513018750017 0.51600954165885882 2.0715536119842977 0.36644027603609375 1.4756411950712263
decision_type=2 2 2 2 2 2 2 2 2
left_child=1 2 3 6 -2 -6 -1 -7 -9
right_child=4 -3 -4 -5 5 7 -8 8 -10
leaf_value=-0.10079285719449022 0.10181094018299913 -0.0013510761855841983 -0.10204398160584333 -0.10203463462734241 0.10192109240846746 0.101459379372403 -0.1013619546231783 0.10130856953166845 0.10118181351940758
leaf_weight=7.1592713817954063 0.37703733891248692 0.17930994927883137 0.18038087664172042 0.18313389644026745 0.31863589119166125 0.29500388167798508 0.18088076822459687 0.30598381161689747 6.2101226430386305
leaf_count=920 26 6 15 15 21 21 14 24 538
internal_value=-0.00111304 -0.0986014 -0.100865 -0.100837 0.101261 0.101232 -0.100807 0.1012 0.101188
internal_weight=15.3898 7.88298 7.70367 7.52329 7.50678 7.12975 7.34015 6.81111 6.51611
internal_count=1600 970 964 949 630 604 934 583 562
is_linear=0
shrinkage=0.1


Tree=40
num_leaves=10
num_cat=0
split_feature=3 0 5 4 3 5 4 0 1
split_gain=13.8858 0.0633973 2.69104e-05 1.99732e-05 1.14992e-05 9.35617e-06 5.33066e-06 4.21842e-06 1.2125e-06
threshold=0.099613038042497132 1.6288732834679929 0.49046569081706209 0.2943273898966316 0.33139316088239573 0.52002319050246137 0.51825651279408647 2.0715536119842977 0.50770792135647258
decision_type=2 2 2 2 2 2 2 2 2
left_child=2 -2 3 7 -3 -6 -7 8 -1
right_child=1 4 -4 -5 5 6 -8 -9 -10
leaf_value=-0.10071046224541191 0.061620803879527598 0.10166849370718081 -0.10202421505262334 -0.10184839793334 0.10165184309476341 0.10151931426194434 0.10107790787594202 -0.10123074892464996 -0.10100279539166777
leaf_weight=6.3387150960043073 0.4322365978732704 0.42253173328936089 0.1716746650636195 0.16351284598931659 0.32424205541610707 0.28789881709963072 5.505651893094182 0.16386902704834927 0.14513003453612316
leaf_count=905 33 32 15 15 25 23 523 14 15
internal_value=-0.00111145 0.0987126 -0.100788 -0.100757 0.101164 0.101129 0.1011 -0.10073 -0.100717
internal_weight=13.9555 6.97256 6.9829 6.81123 6.54032 6.11779 5.79355 6.64771 6.48385
internal_count=1600 636 964 949 603 571 546 934 920
is_linear=0
shrinkage=0.1


Tree=41
num_leaves=10
num_cat=0
split_feature=4 4 3 5 3 5 0 1 1
split_gain=12.5789 0.055818 3.6219e-05 2.08193e-05 1.12299e-05 3.81678e-06 3.12487e-06 1.16782e-06 9.03263e-07
threshold=0.2994349604775432 0.51825651279408647 0.09909089732061642 0.49046569081706209 0.32485513018750017 0.52002319050246137 2.0715536119842977 0.36644027603609375 0.50770792135647258
decision_type=2 2 2 2 2 2 2 2 2
left_child=2 -2 3 6 -3 -6 8 -7 -1
right_child=1 4 -4 -5 5 7 -8 -9 -10
leaf_value=-0.10064185864420581 0.062286852948059336 0.10160379265147453 -0.10238876120171927 -0.10183058582168272 0.10137696100238856 0.1011964244676983 -0.10111231439634689 0.10097208392672796 -0.10090688987014247
leaf_weight=5.7720812535844743 0.39665845781564701 0.32635932881385077 0.12787116924300779 0.15561800356954325 0.2567853508517145 0.24308687914162863 0.148439660668373 5.1054753018543124 0.13152395421639074
leaf_count=911 30 26 9 15 23 21 14 536 15
internal_value=-0.00111537 0.0986049 -0.100723 -0.100689 0.101034 0.101 -0.100659 0.100982 -0.100648
internal_weight=12.6639 6.32837 6.33553 6.20766 5.93171 5.60535 6.05204 5.34856 5.90361
internal_count=1600 636 964 955 606 580 940 557 926
is_linear=0
shrinkage=0.1


Tree=42
num_leaves=10
num_cat=0
split_feature=3 1 4 3 5 5 4 1 0
split_gain=11.3844 0.155702 1.94745e-05 2.68718e-05 1.55182e-05 8.49302e-06 3.70494e-06 9.75981e-07 4.02796e-07
threshold=0.30488551123755581 0.5540796561149538 0.2943273898966316 0.09909089732061642 0.49046569081706209 0.52002319050246137 0.51825651279408647 0.36357402311192027 1.6288732834679929
decision_type=2 2 2 2 2 2 2 2 2
left_child=1 2 3 4 -1 -2 -7 -8 -9
right_child=5 -3 -4 -5 -6 6 7 8 -10
leaf_value=-0.10059289010294495 0.10145236944525926 0.0080789041026640973 -0.10182187629857396 -0.10215850500326029 -0.10165556335976807 0.10127996315506381 0.10109863321039579 0.10100014880823671 0.10087324933842004
leaf_weight=5.3515936452895403 0.30330186244100321 0.13471021037548769 0.14599265530705441 0.1159501252695917 0.14103908836841572 0.25524728558957566 0.21360415033996094 0.26462992373853911 4.5649850685149431
leaf_count=921 27 10 15 9 15 24 20 27 532
internal_value=-0.00111932 -0.0981939 -0.100682 -0.100652 -0.10062 0.100938 0.100908 0.100889 0.10088
internal_weight=11.4911 5.88929 5.75458 5.60858 5.49263 5.60177 5.29847 5.04322 4.82961
internal_count=1600 970 960 945 936 630 603 579 559
is_linear=0
shrinkage=0.1


Tree=43
num_leaves=10
num_cat=0
split_feature=5 5 4 3 3 4 0 1 0
split_gain=10.302 0.129464 1.99411e-05 2.04794e-05 5.47381e-06 6.06539e-06 1.6993e-06 6.33407e-07 2.89367e-07
threshold=0.50240353187017794 0.49852655424705855 0.29591194320945324 0.09909089732061642 0.32485513018750017 0.51600954165885882 2.0715536119842977 0.36644027603609375 1.6288732834679929
decision_type=2 2 2 2 2 2 2 2 2
left_child=1 2 3 6 -2 -6 -1 -7 -9
right_child=4 -3 -4 -5 5 7 -8 8 -10
leaf_value=-0.10053108403066124 0.10129803750832843 -0.0011685530269142516 -0.10197140249459301 -0.10195069223908296 0.10133627053982922 0.10097735096495274 -0.10090921780263658 0.10090412870631776 0.10078909478954345
leaf_weight=4.8748425473459065 0.26096856035292137 0.1343358103185891 0.1035023140721022 0.10511898389086116 0.22371435724198807 0.19943261984735716 0.12181403394788493 0.2307963678613304 4.1632655905559659
leaf_count=932 26 6 9 9 21 21 14 26 536
internal_value=-0.00111822 -0.0980958 -0.100597 -0.100569 0.100852 0.100828 -0.10054 0.100803 0.100795
internal_weight=10.4178 5.33961 5.20528 5.10178 5.07818 4.81721 4.99666 4.59349 4.39406
internal_count=1600 970 964 955 630 604 946 583 562
is_linear=0
shrinkage=0.1


Tree=44
num_leaves=10
num_cat=0
split_feature=4 1 5 4 3 3 5 1 0
split_gain=9.3223 0.148824 1.53124e-05 1.48139e-05 1.52254e-05 6.73079e-06 2.47335e-06 4.58541e-07 2.06985e-07
threshold=0.50239711465725778 0.55810764661056622 0.49465736478710609 0.29591194320945324 0.09909089732061642 0.32485513018750017 0.52002319050246137 0.36644027603609375 1.4756411950712263
decision_type=2 2 2 2 2 2 2 2 2
left_child=1 2 3 4 -1 -2 -7 -8 -9
right_child=5 -3 -4 -5 -6 6 7 8 -10
leaf_value=-0.10048555366304257 0.10127010652565252 0.021118670541773438 -0.10181448178831057 -0.10178177902700039 -0.1017630953922037 0.10107734999128787 0.10088349014568515 0.10082130424269653 0.10071535436473729
leaf_weight=4.4543072460219264 0.25841667223721732 0.10268987994641054 0.095909890718757995 0.093818368390202411 0.095282007008790859 0.21269442001357663 0.18061344884335984 0.19390516635030541 3.7576248906552792
leaf_count=935 27 8 9 9 9 25 21 24 533
internal_value=-0.00111647 -0.0979831 -0.100564 -0.100538 -0.100512 0.100774 0.100745 0.100728 0.100721
internal_weight=9.44526 4.84201 4.73932 4.64341 4.54959 4.60325 4.34484 4.13214 3.95153
internal_count=1600 970 962 953 944 630 603 578 557
is_linear=0
shrinkage=0.1


Tree=45
num_leaves=10
num_cat=0
split_feature=3 1 5 4 3 5 4 1 0
split_gain=8.42668 0.138076 1.13327e-05 1.09641e-05 1.12698e-05 5.33208e-06 2.09974e-06 3.93857e-07 1.62529e-07
threshold=0.30488551123755581 0.55810764661056622 0.49465736478710609 0.29591194320945324 0.09909089732061642 0.52002319050246137 0.51825651279408647 0.36357402311192027 1.6288732834679929
decision_type=2 2 2 2 2 2 2 2 2
left_child=1 2 3 4 -1 -2 -7 -8 -9
right_child=5 -3 -4 -5 -6 6 7 8 -10
leaf_value=-0.10043913170006209 0.10116647364267049 0.017857792421249637 -0.10164010456627169 -0.10161056367450201 -0.10159371318760087 0.10099579284375576 0.1008114819345045 0.10073889576314508 0.10064535456124593
leaf_weight=4.0321919545531273 0.23272811947390426 0.10086539946496476 0.086924163624644168 0.085026129148900398 0.086351155769079813 0.19269658951088819 0.15866864984855089 0.19651976926252279 3.3889430132694542
leaf_count=935 27 8 9 9 9 24 20 27 532
internal_value=-0.00111622 -0.0977911 -0.10051 -0.100487 -0.100463 0.100701 0.100674 0.100657 0.10065
internal_weight=8.56091 4.39136 4.29049 4.20357 4.11854 4.16956 3.93683 3.74413 3.58546
internal_count=1600 970 962 953 944 630 603 579 559
is_linear=0
shrinkage=0.1


Tree=46
num_leaves=10
num_cat=0
split_feature=3 5 5 4 3 4 1 0 1
split_gain=7.6248 0.0422987 8.6486e-06 8.37541e-06 3.2835e-06 1.60078e-06 7.55726e-07 7.12681e-07 2.57246e-07
threshold=0.099613038042497132 0.52002319050246137 0.49465736478710609 0.29591194320945324 0.32485513018750017 0.51825651279408647 0.50770792135647258 2.0715536119842977 0.36644027603609375
decision_type=2 2 2 2 2 2 2 2 2
left_child=2 -2 3 6 -3 -6 7 -1 -7
right_child=1 4 -4 -5 5 8 -8 -9 -10
leaf_value=-0.1003882119928876 0.059276480872567185 0.101027299887471 -0.10148263391509138 -0.1014559440683097 0.10090994426853979 0.10072213800975641 -0.10068288188876473 -0.100672405954223 0.10058723935600347
leaf_weight=3.5318680566269922 0.26544643333181772 0.1984421708621088 0.078768074512481578 0.077046107966452726 0.16797323897480998 0.14809867553412948 0.093750897794961818 0.090501065365970024 3.1078524049371481
leaf_count=917 30 26 9 9 23 21 15 14 536
internal_value=-0.00111579 0.0978082 -0.100446 -0.100424 0.100632 0.100609 -0.100403 -0.100395 0.100593
internal_weight=7.75975 3.88781 3.87193 3.79317 3.62237 3.42392 3.71612 3.62237 3.25595
internal_count=1600 636 964 955 606 580 946 931 557
is_linear=0
shrinkage=0.1


Tree=47
num_leaves=10
num_cat=0
split_feature=4 3 3 5 5 4 1 0 1
split_gain=6.91214 0.0374163 1.07482e-05 6.66222e-06 2.36061e-06 1.18708e-06 5.6061e-07 5.27751e-07 1.90237e-07
threshold=0.2994349604775432 0.32485513018750017 0.09909089732061642 0.49465736478710609 0.52002319050246137 0.51825651279408647 0.50770792135647258 2.0715536119842977 0.36644027603609375
decision_type=2 2 2 2 2 2 2 2 2
left_child=2 -2 3 6 -3 -6 7 -1 -7
right_child=1 4 -4 -5 5 8 -8 -9 -10
leaf_value=-0.1003510085422912 0.060173105392938568 0.1009214182838496 -0.10156251154144565 -0.10134039088282501 0.10082306541279129 0.10065296099746311 -0.10061765822561615 -0.10060802941078713 0.10053104674115668
leaf_weight=3.1956339206080902 0.2464861283078793 0.1817903267219666 0.079212259268388041 0.071367246564477571 0.15211277594789896 0.13409264525398645 0.084932954516261705 0.081938483752310165 2.8135930960997939
leaf_count=917 30 26 9 9 23 21 15 14 536
internal_value=-0.00112009 0.0977488 -0.100411 -0.100384 0.100571 0.100551 -0.100364 -0.100357 0.100537
internal_weight=7.04116 3.52807 3.51308 3.43387 3.28159 3.0998 3.36251 3.27757 2.94769
internal_count=1600 636 964 955 606 580 946 931 557
is_linear=0
shrinkage=0.1


Tree=48
num_leaves=10
num_cat=0
split_feature=4 1 4 3 5 3 5 1 0
split_gain=6.26396 0.103015 7.80572e-06 8.01105e-06 4.97872e-06 3.44638e-06 9.93032e-07 1.37051e-07 6.20303e-08
threshold=0.50239711465725778 0.55810764661056622 0.29591194320945324 0.09909089732061642 0.49465736478710609 0.32485513018750017 0.52002319050246137 0.36644027603609375 1.4756411950712263
decision_type=2 2 2 2 2 2 2 2 2
left_child=1 2 3 4 -1 -2 -7 -8 -9
right_child=5 -3 -4 -5 -6 6 7 8 -10
leaf_value=-0.10032493624420556 0.10094445631352603 0.014005217834420153 -0.10142962079615006 -0.10141251960578801 -0.10121190366014088 0.10075153997416895 0.1005904359282483 0.10054905753539996 0.10047831100702936
leaf_weight=2.9903384796343762 0.18555964250117574 0.080703857354819664 0.070860574953257927 0.07177483127452422 0.064653564244508632 0.14899203740060363 0.12140361825004253 0.13033375656232271 2.5243391594849527
leaf_count=935 27 8 9 9 9 25 21 24 533
internal_value=-0.00112451 -0.0975756 -0.100392 -0.100368 -0.100344 0.100527 0.1005 0.100487 0.100482
internal_weight=6.38896 3.27833 3.19763 3.12677 3.05499 3.11063 2.92507 2.77608 2.65467
internal_count=1600 970 962 953 944 630 603 578 557
is_linear=0
shrinkage=0.1


Tree=49
num_leaves=10
num_cat=0
split_feature=5 5 4 3 3 4 1 0 1
split_gain=5.67231 0.0312686 5.91401e-06 6.07312e-06 1.66271e-06 9.35024e-07 4.87838e-07 2.8908e-07 1.04077e-07
threshold=0.49852655424705855 0.52002319050246137 0.29591194320945324 0.09909089732061642 0.32485513018750017 0.51825651279408647 0.50770792135647258 2.0715536119842977 0.36644027603609375
decision_type=2 2 2 2 2 2 2 2 2
left_child=2 -2 3 6 -3 -6 7 -1 -7
right_child=1 4 -4 -5 5 8 -8 -9 -10
leaf_value=-0.10028727994301859 0.060103517334628043 0.1007918001737209 -0.10129246310472753 -0.10127704156692136 0.1007171042847072 0.10053394415563717 -0.10055987297531475 -0.10049737339448642 0.10043434131030909
leaf_weight=2.6217450506519544 0.20657836971804533 0.15339807467535171 0.064199699088930973 0.06502700806595374 0.12714197998866472 0.10990912746638093 0.070032259216532 0.067170693073421606 2.3056766232475638
leaf_count=918 30 26 9 9 23 21 14 14 536
internal_value=-0.00112381 0.0975991 -0.100343 -0.100322 0.100472 0.100453 -0.100299 -0.100293 0.100439
internal_weight=5.79088 2.9027 2.88817 2.82398 2.69613 2.54273 2.75895 2.68892 2.41559
internal_count=1600 636 964 955 606 580 946 932 557
is_linear=0
shrinkage=0.1


Tree=50
num_leaves=10
num_cat=0
split_feature=5 0 5 4 3 4 3 1 0
split_gain=5.13162 0.118654 4.50455e-06 4.38703e-06 4.50804e-06 1.25856e-06 1.57584e-06 8.7613e-08 3.35712e-08
threshold=0.50240353187017794 2.2717542410356044 0.49465736478710609 0.29591194320945324 0.09909089732061642 0.51825651279408647 0.32094757359339848 0.36357402311192027 1.4756411950712263
decision_type=2 2 2 2 2 2 2 2 2
left_child=1 2 3 4 -1 -2 -7 -8 -9
right_child=5 -3 -4 -5 -6 6 7 8 -10
leaf_value=-0.10026945655106725 0.1007200520567601 0.04737629673169607 -0.10119025672168636 -0.10116856676057223 -0.1011546472779016 0.10077990184058219 0.1004916485430655 0.10044909193861778 0.10039161776760513
leaf_weight=2.4668666275683808 0.14478083001449737 0.055528490804135688 0.059454898349940666 0.058157811872661003 0.058906442951410898 0.11369309341535005 0.096729496959597205 0.10681565804407034 2.0934058532584459
leaf_count=937 27 6 9 9 9 20 20 24 539
internal_value=-0.00112831 -0.0972907 -0.10033 -0.10031 -0.10029 0.100434 0.100416 0.100399 0.100394
internal_weight=5.25434 2.69891 2.64339 2.58393 2.52577 2.55542 2.41064 2.29695 2.20022
internal_count=1600 970 964 955 946 630 603 583 563
is_linear=0
shrinkage=0.1


Tree=51
num_leaves=10
num_cat=0
split_feature=3 0 5 4 3 5 4 1 0
split_gain=4.64503 0.103516 3.33468e-06 3.24783e-06 3.33764e-06 1.8329e-06 4.98866e-07 6.51406e-08 2.67408e-08
threshold=0.30488551123755581 2.2717542410356044 0.49465736478710609 0.29591194320945324 0.09909089732061642 0.52002319050246137 0.51825651279408647 0.36357402311192027 1.6288732834679929
decision_type=2 2 2 2 2 2 2 2 2
left_child=1 2 3 4 -1 -2 -7 -8 -9
right_child=5 -3 -4 -5 -6 6 7 8 -10
leaf_value=-0.10024375112211344 0.10074107354970319 0.04152742318793539 -0.10107622075596451 -0.10105662390530633 -0.10104405733429567 0.10058038131750734 0.10044464860103008 0.10040479960049689 0.10035370543324507
leaf_weight=2.2326564940158296 0.14280703291296992 0.052594683598726877 0.053854623343795427 0.052678691456094273 0.053356121759861597 0.10835044947452876 0.08756334334611926 0.10837408644147206 1.8678689368534831
leaf_count=937 27 6 9 9 9 24 20 27 532
internal_value=-0.00112927 -0.0972476 -0.100298 -0.10028 -0.100262 0.100394 0.100371 0.10036 0.100357
internal_weight=4.7601 2.44514 2.39255 2.33869 2.28601 2.31496 2.17216 2.06381 1.97624
internal_count=1600 970 964 955 946 630 603 579 559
is_linear=0
shrinkage=0.1


Tree=52
num_leaves=10
num_cat=0
split_feature=4 1 5 4 3 3 5 1 0
split_gain=4.20351 0.0923767 2.46769e-06 2.40341e-06 2.46994e-06 1.36191e-06 5.63172e-07 4.09375e-08 1.85e-08
threshold=0.50239711465725778 0.56043804673035102 0.49465736478710609 0.29591194320945324 0.09909089732061642 0.32485513018750017 0.5153378482134624 0.36644027603609375 1.4756411950712263
decision_type=2 2 2 2 2 2 2 2 2
left_child=1 2 3 4 -1 -2 -7 -8 -9
right_child=5 -3 -4 -5 -6 6 7 8 -10
leaf_value=-0.10022069452022207 0.10067410900763787 0.037350701172623568 -0.10097318850587025 -0.10095547198864392 -0.10094411792594099 0.10058358313832015 0.10039497651069718 0.10036737166269456 0.10032023474571189
leaf_weight=2.021071756025778 0.12783606187440488 0.049898431636392959 0.048776873387396225 0.047710980521514901 0.048323981463909038 0.088654384948313125 0.081529525574296602 0.087520970497280248 1.7113134604878721
leaf_count=937 27 6 9 9 9 20 21 24 538
internal_value=-0.00113008 -0.0971708 -0.10027 -0.100254 -0.100238 0.100358 0.100337 0.100326 0.100323
internal_weight=4.31264 2.21578 2.16588 2.11711 2.0694 2.09685 1.96902 1.88036 1.79883
internal_count=1600 970 964 955 946 630 603 583 562
is_linear=0
shrinkage=0.1


Tree=53
num_leaves=10
num_cat=0
split_feature=5 0 5 4 3 4 3 1 0
split_gain=3.80248 0.0864087 1.82301e-06 1.7754e-06 1.82455e-06 6.60862e-07 8.17715e-07 3.55081e-08 1.36087e-08
threshold=0.50240353187017794 2.2717542410356044 0.49465736478710609 0.29591194320945324 0.09909089732061642 0.51825651279408647 0.32094757359339848 0.36357402311192027 1.4756411950712263
decision_type=2 2 2 2 2 2 2 2 2
left_child=1 2 3 4 -1 -2 -7 -8 -9
right_child=5 -3 -4 -5 -6 6 7 8 -10
leaf_value=-0.10020043480885162 0.10056323364045255 0.037534736697597722 -0.10088006189840903 -0.10086404732865908 -0.10085379986281187 0.10061055453594377 0.10036374064464798 0.10033228829758296 0.10028979670661689
leaf_weight=1.8307960790116347 0.10944073251448561 0.046599545050412305 0.044173808768391498 0.043207820737734326 0.043762514484114834 0.086216255091130622 0.071745111607015022 0.079218529164790996 1.5522846786770967
leaf_count=937 27 6 9 9 9 20 20 24 539
internal_value=-0.00113076 -0.0970483 -0.100245 -0.10023 -0.100216 0.100325 0.10031 0.100295 0.100292
internal_weight=3.90745 2.00854 1.96194 1.91777 1.87456 1.89891 1.78946 1.70325 1.6315
internal_count=1600 970 964 955 946 630 603 583 563
is_linear=0
shrinkage=0.1


Tree=54
num_leaves=10
num_cat=0
split_feature=3 3 5 4 5 4 1 0 1
split_gain=3.44282 0.023303 1.39806e-06 1.36329e-06 6.04991e-07 2.71926e-07 1.66855e-07 1.61736e-07 2.30824e-08
threshold=0.099613038042497132 0.32485513018750017 0.49465736478710609 0.29591194320945324 0.52002319050246137 0.51825651279408647 0.51611552790832949 2.0715536119842977 0.36644027603609375
decision_type=2 2 2 2 2 2 2 2 2
left_child=2 -2 3 6 -3 -6 7 -1 -7
right_child=1 4 -4 -5 5 8 -8 -9 -10
leaf_value=-0.10017417292499607 0.056995043362816626 0.10053157713811334 -0.10079589760560322 -0.10078141948854716 0.10045675997139476 0.10032314270440537 -0.10039022782188643 -0.10036414720530032 0.10026297253782182
leaf_weight=1.5981186488643291 0.13448379538021971 0.098040502052754053 0.040001793997362145 0.039126476040109881 0.078485585749149211 0.066796055296435841 0.038453457644209155 0.046107215108349808 1.4007245688699184
leaf_count=921 30 26 9 9 23 21 11 14 536
internal_value=-0.00113148 0.0970169 -0.100211 -0.100198 0.100291 0.100275 -0.100184 -0.10018 0.100266
internal_weight=3.54034 1.77853 1.76181 1.72181 1.64405 1.54601 1.68268 1.64423 1.46752
internal_count=1600 636 964 955 606 580 946 935 557
is_linear=0
shrinkage=0.1


Tree=55
num_leaves=10
num_cat=0
split_feature=4 0 3 5 5 3 4 1 0
split_gain=3.12292 0.0211089 1.69328e-06 1.08236e-06 5.76475e-07 4.51711e-07 2.05653e-07 1.1875e-07 1.19875e-07
threshold=0.2994349604775432 2.2717542410356044 0.09909089732061642 0.49465736478710609 0.52396680919592309 0.32485513018750017 0.51825651279408647 0.51611552790832949 2.0715536119842977
decision_type=2 2 2 2 2 2 2 2 2
left_child=2 -2 3 7 -3 -6 -7 8 -1
right_child=1 4 -4 -5 5 6 -8 -9 -10
leaf_value=-0.1001574852175269 0.057259422240835939 0.10050126139165422 -0.10083612835889984 -0.10071981110034918 0.10048345502591359 0.10041326305175127 0.10023825578033117 -0.10034452479196679 -0.10032939874970259
leaf_weight=1.4438862612005325 0.12350456020794798 0.10928364517167199 0.040294778416864463 0.03622107091359783 0.086843024939298519 0.071045893244445213 1.2233514513354746 0.036649940884671994 0.04173324885778118
leaf_count=920 39 32 9 9 25 23 517 12 14
internal_value=-0.00113616 0.0969882 -0.100196 -0.10018 0.10028 0.100263 0.100248 -0.100167 -0.100162
internal_weight=3.21281 1.61403 1.59879 1.55849 1.49052 1.38124 1.2944 1.52227 1.48562
internal_count=1600 636 964 955 597 565 540 946 934
is_linear=0
shrinkage=0.1


Tree=56
num_leaves=10
num_cat=0
split_feature=5 1 4 3 3 5 4 1 0
split_gain=2.83118 0.0196906 1.26313e-06 1.30259e-06 4.43358e-07 3.34889e-07 1.51607e-07 9.15064e-08 8.87199e-08
threshold=0.49852655424705855 0.41135050348293994 0.29591194320945324 0.09909089732061642 0.33139316088239573 0.52002319050246137 0.51825651279408647 0.51611552790832949 2.0715536119842977
decision_type=2 2 2 2 2 2 2 2 2
left_child=2 -2 3 7 -3 -6 -7 8 -1
right_child=1 4 -4 -5 5 6 -8 -9 -10
leaf_value=-0.10014252048747266 0.056772297650711789 0.10046157007184341 -0.10076548461444422 -0.1007561746136986 0.10043547751619222 0.10037390681961023 0.10021598836788247 -0.10031929200863557 -0.10029797339149785
leaf_weight=1.3085702318931001 0.11283728689886618 0.095550691010430344 0.036097322474233695 0.036487683421000727 0.080476894276216515 0.064308905042707809 1.1119690299965439 0.031504422542638966 0.037773034768178948
leaf_count=921 39 30 9 9 26 23 518 11 14
internal_value=-0.00114089 0.0969052 -0.100181 -0.100166 0.100254 0.100238 0.100225 -0.100151 -0.100147
internal_weight=2.91558 1.46514 1.45043 1.41434 1.35231 1.25675 1.17628 1.37785 1.34634
internal_count=1600 636 964 955 597 567 541 946 935
is_linear=0
shrinkage=0.1


Tree=57
num_leaves=10
num_cat=0
split_feature=4 1 5 4 3 3 5 1 0
split_gain=2.56831 0.0657362 9.55583e-07 9.389e-07 9.68979e-07 3.96623e-07 1.34868e-07 1.52643e-08 7.77502e-09
threshold=0.50239711465725778 0.57571582529031573 0.49465736478710609 0.29591194320945324 0.09909089732061642 0.32485513018750017 0.52002319050246137 0.36644027603609375 1.9407953914789062
decision_type=2 2 2 2 2 2 2 2 2
left_child=1 2 3 4 -1 -2 -7 -8 -9
right_child=5 -3 -4 -5 -6 6 7 8 -10
leaf_value=-0.10013512247819144 0.10043403269224943 0.050734531860336565 -0.10070487014557356 -0.10069230073508439 -0.10068390140240413 0.10034671989271833 0.10025159900254353 0.10022996260172362 0.10019404480894574
leaf_weight=1.2319619335466998 0.081975372275337466 0.029504116158932336 0.033397830789908656 0.03268473979551334 0.033037916291504987 0.065072599099948891 0.0520489600021391 0.064043395919725188 1.0221707277232779
leaf_count=938 27 5 9 9 9 25 21 28 529
internal_value=-0.00114561 -0.0969042 -0.100177 -0.100163 -0.100149 0.100221 0.100207 0.100199 0.100196
internal_weight=2.6459 1.36059 1.33108 1.29768 1.265 1.28531 1.20334 1.13826 1.08621
internal_count=1600 970 965 956 947 630 603 578 557
is_linear=0
shrinkage=0.1


Tree=58
num_leaves=10
num_cat=0
split_feature=3 1 5 4 3 5 4 1 0
split_gain=2.32377 0.0587552 7.0759e-07 6.95283e-07 7.17542e-07 3.14427e-07 9.55602e-08 1.29738e-08 6.06883e-09
threshold=0.30488551123755581 0.57571582529031573 0.49465736478710609 0.29591194320945324 0.09909089732061642 0.52002319050246137 0.51825651279408647 0.36357402311192027 1.6288732834679929
decision_type=2 2 2 2 2 2 2 2 2
left_child=1 2 3 4 -1 -2 -7 -8 -9
right_child=5 -3 -4 -5 -6 6 7 8 -10
leaf_value=-0.1001222483202085 0.10040070892937161 0.045755685163794524 -0.10063751228356975 -0.10062615779687903 -0.10061855226829826 0.10031505760929159 0.10023232100911679 0.10020980298611792 0.10017601600788571
leaf_weight=1.1148612918332221 0.073642046540044137 0.028242812957614549 0.030238803941756376 0.029592828359454759 0.029912370140664168 0.05549028341192741 0.045911894878372328 0.056377173634245992 0.93236759607680142
leaf_count=938 27 5 9 9 9 24 20 27 532
internal_value=-0.00114676 -0.0968172 -0.10016 -0.100148 -0.100135 0.100201 0.100187 0.10018 0.100178
internal_weight=2.39664 1.23285 1.20461 1.17437 1.14477 1.16379 1.09015 1.03466 0.988745
internal_count=1600 970 965 956 947 630 603 579 559
is_linear=0
shrinkage=0.1


Tree=59
num_leaves=10
num_cat=0
split_feature=5 0 5 4 3 3 4 1 0
split_gain=2.1026 0.0502925 5.22713e-07 5.13616e-07 5.301e-07 1.30088e-07 1.77185e-07 8.29566e-09 4.20231e-09
threshold=0.50240353187017794 2.2717542410356044 0.49465736478710609 0.29591194320945324 0.09909089732061642 0.33139316088239573 0.51600954165885882 0.36644027603609375 1.9407953914789062
decision_type=2 2 2 2 2 2 2 2 2
left_child=1 2 3 4 -1 -2 -7 -8 -9
right_child=5 -3 -4 -5 -6 6 7 8 -10
leaf_value=-0.10011113662208831 0.10031280762144711 0.034837937418615905 -0.1005766190739838 -0.10056634501568074 -0.10055947476882249 0.10035404135645248 0.10020589165632961 0.10018819087161218 0.10015901274517808
leaf_weight=1.0076802880503239 0.071112323319539206 0.028320115292444714 0.027376925339922198 0.026791813550516852 0.027080923202447482 0.051104762591421604 0.042632520897313952 0.052455069613642991 0.83650033257436007
leaf_count=937 32 6 9 9 9 21 21 28 528
internal_value=-0.00114782 -0.0967236 -0.100145 -0.100134 -0.100123 0.100182 0.100173 0.100163 0.100161
internal_weight=2.17106 1.11725 1.08893 1.06155 1.03476 1.05381 0.982693 0.931588 0.888955
internal_count=1600 970 964 955 946 630 598 577 556
is_linear=0
shrinkage=0.1


Tree=60
num_leaves=10
num_cat=0
split_feature=4 1 5 4 3 3 5 1 0
split_gain=1.90439 0.0563047 3.85108e-07 3.7825e-07 3.90242e-07 2.02068e-07 7.09938e-08 6.19615e-09 3.15574e-09
threshold=0.50239711465725778 0.61664944541737554 0.49465736478710609 0.29591194320945324 0.09909089732061642 0.32485513018750017 0.52002319050246137 0.36644027603609375 1.9407953914789062
decision_type=2 2 2 2 2 2 2 2 2
left_child=1 2 3 4 -1 -2 -7 -8 -9
right_child=5 -3 -4 -5 -6 6 7 8 -10
leaf_value=-0.10010179702549352 0.10034041112876352 0.06552301038367285 -0.10052155772786948 -0.10051226890210577 -0.10050606075233931 0.10027093411349751 0.10018626367155839 0.10017025179363755 0.10014367319889557
leaf_weight=0.91782337310723938 0.062140631373040489 0.020951555110514164 0.024784545181319118 0.024254615127574652 0.024516193894669414 0.048997503821738064 0.038582674693316221 0.04747137741651386 0.75759301090147346
leaf_count=939 27 4 9 9 9 25 21 28 529
internal_value=-0.00114848 -0.0967039 -0.100132 -0.100122 -0.100112 0.100166 0.100154 0.100147 0.100145
internal_weight=1.96712 1.01233 0.991379 0.966594 0.94234 0.954785 0.892645 0.843647 0.805064
internal_count=1600 970 966 957 948 630 603 578 557
is_linear=0
shrinkage=0.1


Tree=61
num_leaves=10
num_cat=0
split_feature=3 0 5 4 3 5 4 1 0
split_gain=1.72237 0.0537562 2.84159e-07 2.79057e-07 2.8788e-07 1.611e-07 4.4928e-08 5.26663e-09 2.46274e-09
threshold=0.30488551123755581 2.8824996119290929 0.49465736478710609 0.29591194320945324 0.09909089732061642 0.52002319050246137 0.51825651279408647 0.36357402311192027 1.9407953914789062
decision_type=2 2 2 2 2 2 2 2 2
left_child=1 2 3 4 -1 -2 -7 -8 -9
right_child=5 -3 -4 -5 -6 6 7 8 -10
leaf_value=-0.10009282271023044 0.10031462927350986 0.069901569238750849 -0.10047177130988859 -0.10046336741192881 -0.10045775696944347 0.10024037509535227 0.10017200163377159 0.10015452362123821 0.10013028302023089
leaf_weight=0.8315612668520771 0.055855876998975873 0.018989116419106722 0.022436531377024949 0.021956622134894133 0.022193292679730803 0.041497402475215495 0.034031597897410393 0.044629523647017777 0.68815953203011304
leaf_count=939 27 4 9 9 9 24 20 29 530
internal_value=-0.00114981 -0.0966001 -0.10012 -0.100111 -0.100102 0.10015 0.100139 0.100134 0.100132
internal_weight=1.78131 0.917137 0.898148 0.875711 0.853755 0.864174 0.808318 0.766821 0.732789
internal_count=1600 970 966 957 948 630 603 579 559
is_linear=0
shrinkage=0.1


Tree=62
num_leaves=10
num_cat=0
split_feature=4 0 5 4 3 3 5 1 0
split_gain=1.55876 0.047694 2.10445e-07 2.06666e-07 2.13211e-07 1.21242e-07 3.89891e-08 3.39746e-09 1.73046e-09
threshold=0.50239711465725778 2.8824996119290929 0.49465736478710609 0.29591194320945324 0.09909089732061642 0.32485513018750017 0.52002319050246137 0.36644027603609375 1.9407953914789062
decision_type=2 2 2 2 2 2 2 2 2
left_child=1 2 3 4 -1 -2 -7 -8 -9
right_child=5 -3 -4 -5 -6 6 7 8 -10
leaf_value=-0.10008398485393231 0.10028493222350338 0.065430851494444026 -0.10042675308180785 -0.10041914983871512 -0.1004140805831486 0.10022180080748636 0.10015244360823686 0.10013934303790084 0.10011759458285713
leaf_weight=0.75249083410017192 0.051356721203774214 0.017785238102078438 0.020310050924308598 0.019875476253218949 0.020089613215532154 0.040131647954694927 0.031598940258845687 0.038877642364241183 0.62041493621654809
leaf_count=939 27 4 9 9 9 25 21 28 529
internal_value=-0.00115113 -0.0965641 -0.100109 -0.100101 -0.100093 0.100136 0.100126 0.10012 0.100119
internal_weight=1.61293 0.830551 0.812766 0.792456 0.77258 0.78238 0.731023 0.690892 0.659293
internal_count=1600 970 966 957 948 630 603 578 557
is_linear=0
shrinkage=0.1


Tree=63
num_leaves=10
num_cat=0
split_feature=3 1 5 4 3 5 4 1 0
split_gain=1.41003 0.0432648 1.55749e-07 1.52959e-07 1.57803e-07 9.14513e-08 2.84957e-08 2.88807e-09 1.35087e-09
threshold=0.30488551123755581 0.61227226423065562 0.49465736478710609 0.29591194320945324 0.09909089732061642 0.52002319050246137 0.51825651279408647 0.36357402311192027 1.6288732834679929
decision_type=2 2 2 2 2 2 2 2 2
left_child=1 2 3 4 -1 -2 -7 -8 -9
right_child=5 -3 -4 -5 -6 6 7 8 -10
leaf_value=-0.10007608928572918 0.10026008572854535 0.062226015161364556 -0.10038603023693696 -0.10037916127570429 -0.10037457798490329 0.10020291902498313 0.10014077638830864 0.10012714025783923 0.10010667999347973
leaf_weight=0.68104971904540434 0.045921672834083438 0.016794604249298573 0.018384369439445436 0.017990874941460788 0.018184622982516885 0.034294264391064644 0.027870847377926111 0.034220852656289935 0.56586798175703734
leaf_count=939 27 4 9 9 9 24 20 27 532
internal_value=-0.00115252 -0.0964753 -0.100099 -0.100091 -0.100084 0.100124 0.100114 0.100109 0.100108
internal_weight=1.46058 0.752404 0.73561 0.717225 0.699234 0.708176 0.662254 0.62796 0.600089
internal_count=1600 970 966 957 948 630 603 579 559
is_linear=0
shrinkage=0.1


Tree=64
num_leaves=10
num_cat=0
split_feature=5 0 5 4 3 3 4 1 0
split_gain=1.27645 0.0391077 1.15053e-07 1.12987e-07 1.16554e-07 3.799e-08 5.22778e-08 1.8476e-09 9.3607e-10
threshold=0.50240353187017794 2.8824996119290929 0.49465736478710609 0.29591194320945324 0.09909089732061642 0.33139316088239573 0.51600954165885882 0.36644027603609375 1.9407953914789062
decision_type=2 2 2 2 2 2 2 2 2
left_child=1 2 3 4 -1 -2 -7 -8 -9
right_child=5 -3 -4 -5 -6 6 7 8 -10
leaf_value=-0.10006922025389996 0.10020195884622954 0.061239615504718098 -0.10034921114567874 -0.10034300314692918 -0.10033885315792013 0.10023030052389077 0.10012477785189976 0.100114057388995 0.10009638113755717
leaf_weight=0.61668301449390128 0.044023844471666962 0.015372558031231165 0.016640659072436392 0.016284385579638183 0.016459688195027411 0.031876191613264382 0.02587780449539423 0.031837961636483669 0.50765081238932908
leaf_count=939 32 4 9 9 9 21 21 28 528
internal_value=-0.00115396 -0.0964502 -0.10009 -0.100083 -0.100076 0.100112 0.100106 0.100099 0.100097
internal_weight=1.32271 0.68144 0.666068 0.649427 0.633143 0.641267 0.597243 0.565367 0.539489
internal_count=1600 970 966 957 948 630 598 577 556
is_linear=0
shrinkage=0.1


Tree=65
num_leaves=10
num_cat=0
split_feature=4 1 5 4 3 3 5 1 0
split_gain=1.15548 0.0347497 8.51434e-08 8.36069e-08 8.62525e-08 5.72329e-08 1.84915e-08 1.3801e-09 7.03349e-10
threshold=0.50239711465725778 0.61664944541737554 0.49465736478710609 0.29591194320945324 0.09909089732061642 0.32485513018750017 0.52002319050246137 0.36644027603609375 1.9407953914789062
decision_type=2 2 2 2 2 2 2 2 2
left_child=1 2 3 4 -1 -2 -7 -8 -9
right_child=5 -3 -4 -5 -6 6 7 8 -10
leaf_value=-0.1000627425813183 0.10021958646501627 0.05733034044877594 -0.1003159154866415 -0.10031029236364189 -0.10030654805446233 0.10016991107444556 0.10011289050115597 0.10010319599339362 0.10008708939490632
leaf_weight=0.55814155982807279 0.038660062476992607 0.014358210144564509 0.015061834361404181 0.014739281556103379 0.014897894870955497 0.030033435206860304 0.023417845019139349 0.028811146970838308 0.45974299329100177
leaf_count=939 27 4 9 9 9 25 21 28 529
internal_value=-0.0011554 -0.0964192 -0.100081 -0.100075 -0.100069 0.100102 0.100094 0.100089 0.100088
internal_weight=1.19786 0.617199 0.602841 0.587779 0.573039 0.580665 0.542005 0.511972 0.488554
internal_count=1600 970 966 957 948 630 603 578 557
is_linear=0
shrinkage=0.1


Tree=66
num_leaves=10
num_cat=0
split_feature=3 3 5 4 5 1 0 4 1
split_gain=1.04595 0.0197234 6.52894e-08 6.42098e-08 4.35429e-08 2.20133e-08 1.59144e-08 1.38312e-08 1.17316e-09
threshold=0.099613038042497132 0.30488551123755581 0.49465736478710609 0.29591194320945324 0.52002319050246137 0.5540796561149538 2.1573261029864308 0.51825651279408647 0.36357402311192027
decision_type=2 2 2 2 2 2 2 2 2
left_child=2 -2 3 5 -3 6 -1 -6 -9
right_child=1 4 -4 -5 7 -7 -8 8 -10
leaf_value=-0.10005264478556462 0.00079045738997788749 0.10020096061893398 -0.10028579078351336 -0.10028070592014929 0.10015630033556347 -0.10019724826697798 -0.10017199702258828 0.10010424904703011 0.10007986906346902
leaf_weight=0.48887171066598967 0.020792853087186813 0.034601184888742864 0.013632396818138659 0.013340387813514099 0.025707322871312499 0.011180631641764194 0.011433197767473757 0.020654276944696903 0.44466983858728781
leaf_count=931 6 27 9 9 24 7 8 20 559
internal_value=-0.00115685 0.0963138 -0.10007 -0.100064 0.100093 -0.100058 -0.100055 0.100085 0.100081
internal_weight=1.08488 0.546425 0.538458 0.524826 0.525633 0.511486 0.500305 0.491031 0.465324
internal_count=1600 636 964 955 630 946 939 603 579
is_linear=0
shrinkage=0.1


Tree=67
num_leaves=10
num_cat=0
split_feature=4 5 3 5 3 4 1 0 1
split_gain=0.948213 0.0178784 8.39947e-08 5.08518e-08 2.31625e-08 2.52028e-08 1.63143e-08 1.1791e-08 7.50304e-10
threshold=0.2994349604775432 0.50240353187017794 0.099613038042497132 0.49465736478710609 0.33139316088239573 0.51600954165885882 0.5540796561149538 2.1573261029864308 0.36644027603609375
decision_type=2 2 2 2 2 2 2 2 2
left_child=2 -2 3 6 -3 -6 7 -1 -7
right_child=1 4 -4 -5 5 8 -8 -9 -10
leaf_value=-0.10004761994727535 0.00093664643603220499 0.10016489912410707 -0.10034648799531497 -0.10025855013724567 0.10017838790446892 0.10009240739166336 -0.10017845385110619 -0.10015560497532833 0.10007215823144314
leaf_weight=0.44507812350639142 0.018908485537394881 0.033615226275287569 0.0103229193482548 0.012338284053839743 0.02403225761372596 0.019176630303263664 0.010118455276824534 0.010346791648771614 0.39975526474881917
leaf_count=937 6 32 3 9 21 21 7 8 556
internal_value=-0.00115457 0.0963012 -0.100064 -0.100058 0.100085 0.100079 -0.100053 -0.10005 0.100073
internal_weight=0.983692 0.495488 0.488205 0.477882 0.476579 0.442964 0.465543 0.455425 0.418932
internal_count=1600 636 964 961 630 598 952 945 577
is_linear=0
shrinkage=0.1


Tree=68
num_leaves=10
num_cat=0
split_feature=5 4 4 3 3 1 5 0 1
split_gain=0.859075 0.0165653 6.24831e-08 6.44951e-08 3.41486e-08 1.20903e-08 1.11112e-08 8.73785e-09 5.60411e-10
threshold=0.49852655424705855 0.50239711465725778 0.2994349604775432 0.099613038042497132 0.32485513018750017 0.5540796561149538 0.52002319050246137 2.1573261029864308 0.36644027603609375
decision_type=2 2 2 2 2 2 2 2 2
left_child=2 -2 3 5 -3 7 -6 -1 -8
right_child=1 4 -4 -5 6 -7 8 -9 -10
leaf_value=-0.10004307735322787 0.00049687706958694618 0.10018096111660946 -0.10031446700200203 -0.10031340414024613 0.10013786372010243 -0.10016145148205793 0.1000836027440236 -0.10014078843936969 0.10006520641082364
leaf_weight=0.4052618914283812 0.017376837087795138 0.029862475174013525 0.0093749896623194218 0.0093434876762330532 0.022840844991151243 0.0091570319491438568 0.01735318114515394 0.0093634793302044272 0.36200543271843344
leaf_count=943 6 27 3 3 25 7 21 8 557
internal_value=-0.0011523 0.0962276 -0.100059 -0.100054 0.100078 -0.100048 0.10007 -0.100045 0.100066
internal_weight=0.89194 0.449439 0.442501 0.433126 0.432062 0.423782 0.402199 0.414625 0.379359
internal_count=1600 636 964 961 630 958 603 951 578
is_linear=0
shrinkage=0.1


Tree=69
num_leaves=10
num_cat=0
split_feature=3 3 5 4 5 1 4 0 1
split_gain=0.776491 0.0161119 4.93703e-08 4.82979e-08 2.60754e-08 8.95554e-09 8.45082e-09 6.47172e-09 4.76391e-10
threshold=0.099613038042497132 0.30488551123755581 0.49852655424705855 0.2994349604775432 0.52002319050246137 0.5540796561149538 0.51825651279408647 2.1573261029864308 0.36357402311192027
decision_type=2 2 2 2 2 2 2 2 2
left_child=2 -2 3 5 -3 7 -6 -1 -8
right_child=1 4 -4 -5 6 -7 8 -9 -10
leaf_value=-0.1000389794472259 0.00072711642259437419 0.10016588190671996 -0.10028999834375484 -0.10028445107526758 0.10012748256548198 -0.10014607418215012 0.10007720389406788 -0.10012737673107375 0.10005915601972999
leaf_weight=0.3667104028572794 0.01703663170337677 0.0267477409215644 0.0086497880984097719 0.0084852513391524553 0.01958665723213926 0.0082868328900076449 0.015304902277421206 0.0084735036361962557 0.32948107022093609
leaf_count=943 6 27 3 3 24 7 20 8 559
internal_value=-0.00114997 0.0959239 -0.100054 -0.100048 0.100071 -0.100043 0.100064 -0.100041 0.10006
internal_weight=0.808763 0.408157 0.400606 0.391956 0.39112 0.383471 0.364373 0.375184 0.344786
internal_count=1600 636 964 961 630 958 603 951 579
is_linear=0
shrinkage=0.1


Tree=70
num_leaves=10
num_cat=0
split_feature=4 5 3 5 3 4 1 0 1
split_gain=0.704085 0.014609 4.74686e-08 3.81388e-08 1.3846e-08 1.51636e-08 6.63394e-09 4.79427e-09 3.05252e-10
threshold=0.2994349604775432 0.50240353187017794 0.099613038042497132 0.49852655424705855 0.33139316088239573 0.51600954165885882 0.5540796561149538 2.1573261029864308 0.36644027603609375
decision_type=2 2 2 2 2 2 2 2 2
left_child=2 -2 3 6 -3 -6 7 -1 -7
right_child=1 4 -4 -5 5 8 -8 -9 -10
leaf_value=-0.10003526537268986 0.00085702878731781253 0.10013556005046292 -0.1002836937032293 -0.10026232139218477 0.10014718138327267 0.10006844312268395 -0.10013215901086958 -0.10011524518025748 0.10005343891624521
leaf_weight=0.33182497360394336 0.01549154706299305 0.025720768957398832 0.0084628472104668617 0.0078287024516612291 0.018558213894721121 0.014209624321665615 0.0074992253212258211 0.0076680246856994918 0.29619619040749967
leaf_count=943 6 32 3 3 21 21 7 8 556
internal_value=-0.00114748 0.0959131 -0.10005 -0.100044 0.100065 0.100059 -0.100039 -0.100037 0.100054
internal_weight=0.73346 0.370176 0.363284 0.354821 0.354685 0.328964 0.346992 0.339493 0.310406
internal_count=1600 636 964 961 630 598 958 951 577
is_linear=0
shrinkage=0.1


Tree=71
num_leaves=10
num_cat=0
split_feature=5 1 4 3 3 5 1 4 0
split_gain=0.638008 0.0136161 3.53034e-08 3.65927e-08 1.476e-08 1.14625e-08 4.91422e-09 4.84864e-09 3.55107e-09
threshold=0.49852655424705855 0.32146132812007994 0.2994349604775432 0.099613038042497132 0.34137517387993882 0.52002319050246137 0.5540796561149538 0.51825651279408647 2.1573261029864308
decision_type=2 2 2 2 2 2 2 2 2
left_child=2 -2 3 6 -3 -6 8 -7 -1
right_child=1 4 -4 -5 5 7 -8 -9 -10
leaf_value=-0.10003190944746188 -0.00010427371968297798 0.1001339802754872 -0.10025753055828367 -0.10025662713282778 0.10013027150484884 0.10010611031693906 -0.10011957445931441 0.10004845199986781 -0.10010426823398529
leaf_weight=0.30025722368736751 0.014168234018143266 0.02721773853409104 0.0076862967107444993 0.0076594634447246781 0.019912804244086146 0.015454633627086878 0.0067863892181776455 0.25908800342585891 0.0069390378776006392
leaf_count=943 14 36 3 3 26 23 7 537 8
internal_value=-0.00114501 0.0958377 -0.100046 -0.100041 0.100064 0.100057 -0.100035 0.100052 -0.100034
internal_weight=0.66517 0.335841 0.329328 0.321642 0.321673 0.294455 0.313983 0.274543 0.307196
internal_count=1600 636 964 961 622 586 958 560 951
is_linear=0
shrinkage=0.1


Tree=72
num_leaves=10
num_cat=0
split_feature=4 0 5 4 3 3 5 1 0
split_gain=0.578375 0.0254182 2.65586e-08 2.6143e-08 2.71012e-08 1.3048e-08 4.90518e-09 2.83867e-10 8.58798e-11
threshold=0.50239711465725778 9.7084176479197204 0.49852655424705855 0.2994349604775432 0.099613038042497132 0.33139316088239573 0.52002319050246137 0.36644027603609375 1.9407953914789062
decision_type=2 2 2 2 2 2 2 2 2
left_child=1 2 3 4 -1 -2 -7 -8 -9
right_child=5 -3 -4 -5 -6 6 7 8 -10
leaf_value=-0.10003203143735824 0.10012540169445901 0.10021698322733 -0.10023728222672186 -0.10023295893491113 -0.10023215301058389 0.1001019828462789 0.10005931151211503 0.1000512129969412 0.10004322576705829
leaf_weight=0.28411232752841897 0.023597712075570598 0.0064723338000476352 0.0070846457965672007 0.0069564669393002978 0.006932175485417246 0.015749190468341112 0.01224439701763913 0.014315166510641575 0.22578340899781324
leaf_count=958 33 3 3 3 3 25 21 28 523
internal_value=-0.00114242 -0.0958856 -0.100046 -0.100041 -0.100037 0.100054 0.100048 0.100044 0.100044
internal_weight=0.603248 0.311558 0.305086 0.298001 0.291045 0.29169 0.268092 0.252343 0.240099
internal_count=1600 970 967 964 961 630 597 572 551
is_linear=0
shrinkage=0.1


Tree=73
num_leaves=10
num_cat=0
split_feature=4 0 5 4 3 3 5 1 0
split_gain=0.523308 0.022998 1.96649e-08 1.93598e-08 2.0069e-08 9.66908e-09 3.635e-09 2.10545e-10 6.38633e-11
threshold=0.50239711465725778 9.7084176479197204 0.49852655424705855 0.2994349604775432 0.099613038042497132 0.33139316088239573 0.52002319050246137 0.36644027603609375 1.9407953914789062
decision_type=2 2 2 2 2 2 2 2 2
left_child=1 2 3 4 -1 -2 -7 -8 -9
right_child=5 -3 -4 -5 -6 6 7 8 -10
leaf_value=-0.10002898776319835 0.10011346870904714 0.10019629129765191 -0.10021464064222213 -0.10021074148048655 -0.10021001049661216 0.10009227710196156 0.10005366820346906 0.10004634505451143 0.10003910434255764
leaf_weight=0.25708290707552806 0.021354508469812572 0.005857557523995637 0.0064118269365280858 0.0062957962509244672 0.0062738070264458648 0.014251768297981471 0.011079782125307247 0.012953497149283066 0.20430525427218527
leaf_count=958 33 3 3 3 3 25 21 28 523
internal_value=-0.0011424 -0.0958812 -0.100042 -0.100037 -0.100033 0.100049 0.100043 0.10004 0.10004
internal_weight=0.545867 0.281922 0.276064 0.269653 0.263357 0.263945 0.24259 0.228339 0.217259
internal_count=1600 970 967 964 961 630 597 572 551
is_linear=0
shrinkage=0.1


Tree=74
num_leaves=10
num_cat=0
split_feature=4 0 5 4 3 3 5 1 0
split_gain=0.473487 0.0208084 1.45639e-08 1.43384e-08 1.48629e-08 7.16292e-09 2.6922e-09 1.55705e-10 4.71014e-11
threshold=0.50239711465725778 9.7084176479197204 0.49852655424705855 0.2994349604775432 0.099613038042497132 0.33139316088239573 0.52002319050246137 0.36644027603609375 1.9407953914789062
decision_type=2 2 2 2 2 2 2 2 2
left_child=1 2 3 4 -1 -2 -7 -8 -9
right_child=5 -3 -4 -5 -6 6 7 8 -10
leaf_value=-0.10002623110182084 0.10010267355857892 0.1001775763542888 -0.10019417780746294 -0.10019065305965327 -0.10018998662765975 0.10008349467941885 0.10004855685931408 0.10004192820926422 0.10003539122007828
leaf_weight=0.23262431296461727 0.019324335997225717 0.0053010770352557293 0.0058027859777212134 0.0056977561907842747 0.0056778523139655581 0.012896607047878206 0.010025887168012559 0.011721299582859501 0.18486956230481155
leaf_count=958 33 3 3 3 3 25 21 28 523
internal_value=-0.00114237 -0.0958771 -0.100038 -0.100034 -0.10003 0.100044 0.100039 0.100036 0.100036
internal_weight=0.493941 0.255104 0.249803 0.244 0.238302 0.238838 0.219513 0.206617 0.196591
internal_count=1600 970 967 964 961 630 597 572 551
is_linear=0
shrinkage=0.1


Tree=75
num_leaves=10
num_cat=0
split_feature=4 0 5 4 3 3 5 1 0
split_gain=0.428411 0.0188273 1.07864e-08 1.06194e-08 1.10076e-08 5.30705e-09 1.99507e-09 1.15418e-10 3.49284e-11
threshold=0.50239711465725778 9.7084176479197204 0.49852655424705855 0.2994349604775432 0.099613038042497132 0.33139316088239573 0.52002319050246137 0.36644027603609375 1.9407953914789062
decision_type=2 2 2 2 2 2 2 2 2
left_child=1 2 3 4 -1 -2 -7 -8 -9
right_child=5 -3 -4 -5 -6 6 7 8 -10
leaf_value=-0.10002373103966811 0.10009290090455991 0.10016065345019545 -0.10017566381187236 -0.10017247489037284 -0.10017186978240183 0.10007555112450761 0.10004393582661922 0.10003793745815009 0.10003201969975771
leaf_weight=0.21049217291874811 0.017487002536654472 0.0047973821638151995 0.0052514987764880052 0.005156430881470441 0.0051384150283411137 0.0116702119121328 0.0090721957676578313 0.010606272204313427 0.16728224203689024
leaf_count=958 33 3 3 3 3 25 21 28 523
internal_value=-0.00114235 -0.0958734 -0.100034 -0.100031 -0.100027 0.10004 0.100035 0.100033 0.100032
internal_weight=0.446954 0.230836 0.226039 0.220787 0.215631 0.216118 0.198631 0.186961 0.177889
internal_count=1600 970 967 964 961 630 597 572 551
is_linear=0
shrinkage=0.1


Tree=76
num_leaves=10
num_cat=0
split_feature=4 0 5 4 3 3 5 1 0
split_gain=0.387627 0.0170349 7.98913e-09 7.86458e-09 8.15277e-09 3.93241e-09 1.47859e-09 8.55108e-11 2.5921e-11
threshold=0.50239711465725778 9.7084176479197204 0.49852655424705855 0.2994349604775432 0.099613038042497132 0.33139316088239573 0.52002319050246137 0.36644027603609375 1.9407953914789062
decision_type=2 2 2 2 2 2 2 2 2
left_child=1 2 3 4 -1 -2 -7 -8 -9
right_child=5 -3 -4 -5 -6 6 7 8 -10
leaf_value=-0.1000214721371136 0.10008406096721706 0.10014533275618738 -0.10015892230889832 -0.10015603009384884 -0.10015548823212617 0.10006836490842026 0.10003975175230478 0.10003432829373737 0.10002896908284918
leaf_weight=0.19046527262253221 0.015824220754439011 0.0043414810206741086 0.0047525066183879963 0.0046664586989209047 0.0046501520555466405 0.010560364462435246 0.0082091880321968347 0.0095972807030193508 0.151367615791969
leaf_count=958 33 3 3 3 3 25 21 28 523
internal_value=-0.00114233 -0.0958701 -0.100031 -0.100028 -0.100025 0.100036 0.100032 0.10003 0.100029
internal_weight=0.404435 0.208876 0.204534 0.199782 0.195115 0.195559 0.179734 0.169174 0.160965
internal_count=1600 970 967 964 961 630 597 572 551
is_linear=0
shrinkage=0.1


Tree=77
num_leaves=10
num_cat=0
split_feature=4 0 5 4 3 3 5 1 0
split_gain=0.350728 0.0154133 5.91638e-09 5.82496e-09 6.03821e-09 2.91304e-09 1.0956e-09 6.32724e-11 1.91446e-11
threshold=0.50239711465725778 9.7084176479197204 0.49852655424705855 0.2994349604775432 0.099613038042497132 0.33139316088239573 0.52002319050246137 0.36644027603609375 1.9407953914789062
decision_type=2 2 2 2 2 2 2 2 2
left_child=1 2 3 4 -1 -2 -7 -8 -9
right_child=5 -3 -4 -5 -6 6 7 8 -10
leaf_value=-0.10001943103671103 0.10007605912142981 0.10013148706819547 -0.10014377113679025 -0.10014116280636801 -0.1001406702976794 0.10006186207164527 0.10003596366099737 0.10003105515217935 0.10002621335868254
leaf_weight=0.17234344870666973 0.01431943365605548 0.0039288501720875493 0.0043008631328120819 0.004222981631755828 0.0042082224972546092 0.0095560022164136171 0.0074282473651692263 0.0086842480523046106 0.13696666088071652
leaf_count=958 33 3 3 3 3 25 21 28 523
internal_value=-0.00114231 -0.0958671 -0.100028 -0.100025 -0.100022 0.100033 0.100029 0.100027 0.100027
internal_weight=0.365959 0.189004 0.185076 0.180775 0.176552 0.176955 0.162635 0.153079 0.145651
internal_count=1600 970 967 964 961 630 597 572 551
is_linear=0
shrinkage=0.1


Tree=78
num_leaves=10
num_cat=0
split_feature=4 0 5 4 3 3 5 1 0
split_gain=0.317342 0.013946 4.38281e-09 4.31492e-09 4.47325e-09 2.15846e-09 8.11806e-10 4.69345e-11 1.41929e-11
threshold=0.50239711465725778 9.7084176479197204 0.49852655424705855 0.2994349604775432 0.099613038042497132 0.33139316088239573 0.52002319050246137 0.36644027603609375 1.9407953914789062
decision_type=2 2 2 2 2 2 2 2 2
left_child=1 2 3 4 -1 -2 -7 -8 -9
right_child=5 -3 -4 -5 -6 6 7 8 -10
leaf_value=-0.1000175769204414 0.10006882306025611 0.10011896298926044 -0.10013007595478439 -0.10012771388577686 -0.10012727229371797 0.10005597644346878 0.10003254535644941 0.10002809993285966 0.10002371738389326
leaf_weight=0.15594554331619292 0.012957648461451754 0.0035553927300497881 0.0038920871447771779 0.0038215988315641871 0.0038082408718764773 0.0086471112736035138 0.0067215742892585686 0.0078580529952887446 0.12393549690023065
leaf_count=958 33 3 3 3 3 25 21 28 523
internal_value=-0.00114229 -0.0958644 -0.100025 -0.100023 -0.10002 0.10003 0.100026 0.100024 0.100024
internal_weight=0.331143 0.171023 0.167467 0.163575 0.159754 0.16012 0.147162 0.138515 0.131794
internal_count=1600 970 967 964 961 630 597 572 551
is_linear=0
shrinkage=0.1


Tree=79
num_leaves=10
num_cat=0
split_feature=4 0 5 4 3 3 5 1 0
split_gain=0.287134 0.0126185 3.24584e-09 3.19528e-09 3.31212e-09 1.59958e-09 6.01584e-10 3.47748e-11 1.0524e-11
threshold=0.50239711465725778 9.7084176479197204 0.49852655424705855 0.2994349604775432 0.099613038042497132 0.33139316088239573 0.52002319050246137 0.36644027603609375 1.9407953914789062
decision_type=2 2 2 2 2 2 2 2 2
left_child=1 2 3 4 -1 -2 -7 -8 -9
right_child=5 -3 -4 -5 -6 6 7 8 -10
leaf_value=-0.10001590901746577 0.10006227529984973 0.10010763376179295 -0.10011768057415921 -0.10011553926923494 -0.10011513385409727 0.1000506490429745 0.10002944448134282 0.10002542334019671 0.10002145606595698
leaf_weight=0.14110759647155646 0.011725293821655214 0.0032173980725929132 0.0035221200669184318 0.0034583247033879152 0.0034462352050468317 0.0078246250341180712 0.0060821108636446288 0.0071104412490967652 0.11214387873769738
leaf_count=958 33 3 3 3 3 25 21 28 523
internal_value=-0.00114228 -0.0958619 -0.100023 -0.100021 -0.100018 0.100027 0.100024 0.100022 0.100022
internal_weight=0.299638 0.154752 0.151534 0.148012 0.144554 0.144886 0.133161 0.125336 0.119254
internal_count=1600 970 967 964 961 630 597 572 551
is_linear=0
shrinkage=0.1


Tree=80
num_leaves=10
num_cat=0
split_feature=4 0 5 4 3 3 5 1 0
split_gain=0.259803 0.0114173 2.40475e-09 2.36768e-09 2.45396e-09 1.18499e-09 4.45553e-10 2.57591e-11 7.78791e-12
threshold=0.50239711465725778 9.7084176479197204 0.49852655424705855 0.2994349604775432 0.099613038042497132 0.33139316088239573 0.52002319050246137 0.36644027603609375 1.9407953914789062
decision_type=2 2 2 2 2 2 2 2 2
left_child=1 2 3 4 -1 -2 -7 -8 -9
right_child=5 -3 -4 -5 -6 6 7 8 -10
leaf_value=-0.10001438813675163 0.10005635100480459 0.10009737445237682 -0.10010647379751983 -0.10010454340875051 -0.10010417106448938 0.10004582853921738 0.1000266452193239 0.10002300531063202 0.10001941756990139
leaf_weight=0.12768127351591829 0.010610080906189978 0.0029115052893757811 0.0031872846884652964 0.0031295480439439407 0.0031186068663373581 0.0070803373091621316 0.0055034677352523423 0.0064339407545048735 0.10147394103114493
leaf_count=958 33 3 3 3 3 25 21 28 523
internal_value=-0.00114226 -0.0958597 -0.100021 -0.100019 -0.100017 0.100024 0.100021 0.10002 0.10002
internal_weight=0.27113 0.140028 0.137117 0.133929 0.1308 0.131102 0.120492 0.113411 0.107908
internal_count=1600 970 967 964 961 630 597 572 551
is_linear=0
shrinkage=0.1


Tree=81
num_leaves=10
num_cat=0
split_feature=4 0 5 4 3 3 5 1 0
split_gain=0.235074 0.0103306 1.78086e-09 1.75354e-09 1.81775e-09 8.77808e-10 3.30089e-10 1.90914e-11 5.80064e-12
threshold=0.50239711465725778 9.7084176479197204 0.49852655424705855 0.2994349604775432 0.099613038042497132 0.33139316088239573 0.52002319050246137 0.36644027603609375 1.9407953914789062
decision_type=2 2 2 2 2 2 2 2 2
left_child=1 2 3 4 -1 -2 -7 -8 -9
right_child=5 -3 -4 -5 -6 6 7 8 -10
leaf_value=-0.10001302007155821 0.10005098535415882 0.10008809786874964 -0.10009632486431891 -0.10009458129751972 -0.1000942510742579 0.10004146606491267 0.10002410950309537 0.10002082283287372 0.10001756777944622
leaf_weight=0.11553229537094012 0.009600886536645703 0.0026346706436015657 0.0028842518222518257 0.0028319995617493978 0.0028220975655131033 0.0064068193023558697 0.004979863384505733 0.0058217911864630869 0.091819032953935675
leaf_count=958 33 3 3 3 3 25 21 28 523
internal_value=-0.00114225 -0.0958577 -0.100019 -0.100017 -0.100015 0.100022 0.100019 0.100018 0.100018
internal_weight=0.245334 0.126705 0.124071 0.121186 0.118354 0.118628 0.109028 0.102621 0.0976408
internal_count=1600 970 967 964 961 630 597 572 551
is_linear=0
shrinkage=0.1


Tree=82
num_leaves=10
num_cat=0
split_feature=4 0 5 4 3 3 5 1 0
split_gain=0.2127 0.00934726 1.31919e-09 1.29883e-09 1.34629e-09 6.50223e-10 2.44474e-10 1.41203e-11 4.26639e-12
threshold=0.50239711465725778 9.7084176479197204 0.49852655424705855 0.2994349604775432 0.099613038042497132 0.33139316088239573 0.52002319050246137 0.36644027603609375 1.9407953914789062
decision_type=2 2 2 2 2 2 2 2 2
left_child=1 2 3 4 -1 -2 -7 -8 -9
right_child=5 -3 -4 -5 -6 6 7 8 -10
leaf_value=-0.10001177970411411 0.10004613405480323 0.10007970861915322 -0.10008715071550278 -0.10008556990143294 -0.10008526843792716 0.10003751995749843 0.10002181367220578 0.10001883451920235 0.1000158998317064
leaf_weight=0.10453917472477769 0.0086876414134167135 0.0023841382935643187 0.0026100060786120585 0.0025627181748859576 0.0025537568726576856 0.0057973468647105611 0.0045060648553771889 0.005267873697448521 0.08308261405909434
leaf_count=958 33 3 3 3 3 25 21 28 523
internal_value=-0.00114224 -0.0958559 -0.100017 -0.100015 -0.100014 0.10002 0.100018 0.100016 0.100016
internal_weight=0.221991 0.11465 0.112266 0.109656 0.107093 0.107342 0.0986539 0.0928566 0.0883505
internal_count=1600 970 967 964 961 630 597 572 551
is_linear=0
shrinkage=0.1


Tree=83
num_leaves=10
num_cat=0
split_feature=4 0 5 4 3 3 5 1 0
split_gain=0.192455 0.00845757 9.77222e-10 9.61956e-10 9.97356e-10 4.81847e-10 1.81248e-10 1.0459e-11 3.16981e-12
threshold=0.50239711465725778 9.7084176479197204 0.49852655424705855 0.2994349604775432 0.099613038042497132 0.33139316088239573 0.52002319050246137 0.36644027603609375 1.9407953914789062
decision_type=2 2 2 2 2 2 2 2 2
left_child=1 2 3 4 -1 -2 -7 -8 -9
right_child=5 -3 -4 -5 -6 6 7 8 -10
leaf_value=-0.10001065856056386 0.10004174394702658 0.10007211836148276 -0.1000788525981674 -0.10007741618927016 -0.10007715136307245 0.10003395258442949 0.10001973358078826 0.10001704197917319 0.10001438272907132
leaf_weight=0.094591963046696037 0.0078612303914269432 0.0021574128186330191 0.0023618170525878659 0.002319022547453641 0.0023109127068892113 0.0052458339923759914 0.0040773365180939427 0.0047666503669461227 0.075177340637310408
leaf_count=958 33 3 3 3 3 25 21 28 523
internal_value=-0.00114223 -0.0958542 -0.100015 -0.100014 -0.100012 0.100018 0.100016 0.100015 0.100015
internal_weight=0.20087 0.103741 0.101584 0.0992219 0.0969029 0.0971284 0.0892672 0.0840213 0.079944
internal_count=1600 970 967 964 961 630 597 572 551
is_linear=0
shrinkage=0.1


Tree=84
num_leaves=10
num_cat=0
split_feature=4 0 5 4 3 3 5 1 0
split_gain=0.174137 0.00765258 7.23853e-10 7.12629e-10 7.38674e-10 3.56936e-10 1.34239e-10 7.75265e-12 2.34573e-12
threshold=0.50239711465725778 9.7084176479197204 0.49852655424705855 0.2994349604775432 0.099613038042497132 0.33139316088239573 0.52002319050246137 0.36644027603609375 1.9407953914789062
decision_type=2 2 2 2 2 2 2 2 2
left_child=1 2 3 4 -1 -2 -7 -8 -9
right_child=5 -3 -4 -5 -6 6 7 8 -10
leaf_value=-0.1000096470107821 0.10003777084879283 0.10006525211447062 -0.10007134563400813 -0.10007004940317188 -0.10006980256283107 0.10003071990047746 0.10001785762804423 0.10001541964381427 0.10001301476224525
leaf_weight=0.08559117136610439 0.0071134034660644821 0.0019522350630722931 0.0021372126066125921 0.0020984850707463911 0.0020911460160277775 0.0047467724361922583 0.0036893923388561225 0.0043131098791491232 0.068024150808923878
leaf_count=958 33 3 3 3 3 25 21 28 523
internal_value=-0.00114222 -0.0958528 -0.100014 -0.100012 -0.100011 0.100016 0.100014 0.100013 0.100013
internal_weight=0.181757 0.0938703 0.091918 0.0897808 0.0876823 0.0878868 0.0807734 0.0760267 0.0723373
internal_count=1600 970 967 964 961 630 597 572 551
is_linear=0
shrinkage=0.1


Tree=85
num_leaves=10
num_cat=0
split_feature=4 0 5 4 3 3 5 1 0
split_gain=0.157564 0.00692422 5.36153e-10 5.27855e-10 5.47207e-10 2.64519e-10 9.94735e-11 5.74885e-12 1.73854e-12
threshold=0.50239711465725778 9.7084176479197204 0.49852655424705855 0.2994349604775432 0.099613038042497132 0.33139316088239573 0.52002319050246137 0.36644027603609375 1.9407953914789062
decision_type=2 2 2 2 2 2 2 2 2
left_child=1 2 3 4 -1 -2 -7 -8 -9
right_child=5 -3 -4 -5 -6 6 7 8 -10
leaf_value=-0.10000872961588168 0.10003417783235735 0.10005903274077466 -0.10006455062098957 -0.10006337861729664 -0.10006315810644793 0.10002779623464467 0.10001615797428981 0.10001395041572095 0.10001177392252331
leaf_weight=0.0774467668888974 0.0064366930600954211 0.001766559435054659 0.0019339545979164532 0.0018989079399034372 0.0018922665040008715 0.0042951764771714798 0.003338354072184301 0.0039027177845127872 0.061551521095680073
leaf_count=958 33 3 3 3 3 25 21 28 523
internal_value=-0.00114221 -0.0958514 -0.100013 -0.100011 -0.10001 0.100015 0.100013 0.100012 0.100012
internal_weight=0.164463 0.0849385 0.0831719 0.0812379 0.079339 0.0795245 0.0730878 0.0687926 0.0654542
internal_count=1600 970 967 964 961 630 597 572 551
is_linear=0
shrinkage=0.1


Tree=86
num_leaves=10
num_cat=0
split_feature=4 0 5 4 3 3 5 1 0
split_gain=0.142567 0.0062652 3.97119e-10 3.91043e-10 4.05259e-10 1.95833e-10 7.36799e-11 4.24976e-12 1.28133e-12
threshold=0.50239711465725778 9.7084176479197204 0.49852655424705855 0.2994349604775432 0.099613038042497132 0.33139316088239573 0.52002319050246137 0.36644027603609375 1.9407953914789062
decision_type=2 2 2 2 2 2 2 2 2
left_child=1 2 3 4 -1 -2 -7 -8 -9
right_child=5 -3 -4 -5 -6 6 7 8 -10
leaf_value=-0.10000790034712739 0.10003092363497186 0.10005341444233751 -0.10005840335227334 -0.10005734718792758 -0.10005714054937609 0.10002515458103974 0.10001462122870482 0.10001262311497956 0.10001065881403104
leaf_weight=0.070077286705782171 0.0058243405874236478 0.0015985342906787983 0.001750016526784747 0.0017183013260364524 0.0017122911522164932 0.0038865339010953895 0.003020711781573481 0.0035313693879288613 0.0556947104196297
leaf_count=958 33 3 3 3 3 25 21 28 523
internal_value=-0.0011422 -0.0958502 -0.100011 -0.10001 -0.100009 0.100013 0.100012 0.100011 0.100011
internal_weight=0.148814 0.0768564 0.0752579 0.0735079 0.0717896 0.0719577 0.0661333 0.0622468 0.0592261
internal_count=1600 970 967 964 961 630 597 572 551
is_linear=0
shrinkage=0.1


Tree=87
num_leaves=10
num_cat=0
split_feature=4 0 5 4 3 3 5 1 0
split_gain=0.128999 0.00566891 2.9411e-10 2.89599e-10 3.00089e-10 1.45207e-10 5.46441e-11 3.15818e-12 9.56381e-13
threshold=0.50239711465725778 9.7084176479197204 0.49852655424705855 0.2994349604775432 0.099613038042497132 0.33139316088239573 0.52002319050246137 0.36644027603609375 1.9407953914789062
decision_type=2 2 2 2 2 2 2 2 2
left_child=1 2 3 4 -1 -2 -7 -8 -9
right_child=5 -3 -4 -5 -6 6 7 8 -10
leaf_value=-0.10000715303530355 0.10002798305928702 0.1000483332337353 -0.10005284240760104 -0.10005188609894225 -0.10005169630829838 0.10002276203225291 0.10001322923587151 0.10001142211008214 0.10000963806435757
leaf_weight=0.063409001551917754 0.0052702283501275806 0.0014464834239333859 0.0015835639787837854 0.0015548638184554866 0.0015494251856580368 0.0035167611349606878 0.0027332891186233601 0.003195351666363421 0.050395144251524471
leaf_count=958 33 3 3 3 3 25 21 28 523
internal_value=-0.0011422 -0.0958491 -0.10001 -0.100009 -0.100008 0.100012 0.100011 0.10001 0.10001
internal_weight=0.134654 0.0695433 0.0680969 0.0665133 0.0649584 0.0651108 0.0598405 0.0563238 0.0535905
internal_count=1600 970 967 964 961 630 597 572 551
is_linear=0
shrinkage=0.1


Tree=88
num_leaves=10
num_cat=0
split_feature=4 0 5 4 3 3 5 1 0
split_gain=0.116722 0.00512937 2.1797e-10 2.14536e-10 2.22451e-10 1.0748e-10 4.0425e-11 2.32604e-12 7.03028e-13
threshold=0.50239711465725778 9.7084176479197204 0.49852655424705855 0.2994349604775432 0.099613038042497132 0.33139316088239573 0.52002319050246137 0.36644027603609375 1.9407953914789062
decision_type=2 2 2 2 2 2 2 2 2
left_child=1 2 3 4 -1 -2 -7 -8 -9
right_child=5 -3 -4 -5 -6 6 7 8 -10
leaf_value=-0.10000646446331701 0.100025320034973 0.10004373058651272 -0.10004781324032866 -0.10004693962802114 -0.10004678057530364 0.10002059502999479 0.10001196885178468 0.10001033701579742 0.10000872899996023
leaf_weight=0.057375210384634556 0.00476882039947668 0.0013088894484098992 0.0014329362893477074 0.0014069649623706928 0.0014020433009136459 0.0031821625379961907 0.0024732118326937771 0.0028913036003359585 0.045599807737744413
leaf_count=958 33 3 3 3 3 25 21 28 523
internal_value=-0.00114219 -0.0958481 -0.100009 -0.100008 -0.100007 0.100011 0.10001 0.100009 0.100009
internal_weight=0.121841 0.062926 0.0616172 0.0601842 0.0587773 0.0589153 0.0541465 0.0509643 0.0484911
internal_count=1600 970 967 964 961 630 597 572 551
is_linear=0
shrinkage=0.1


Tree=89
num_leaves=10
num_cat=0
split_feature=4 0 5 4 3 3 5 1 0
split_gain=0.105613 0.0046412 1.61377e-10 1.58877e-10 1.64711e-10 7.96187e-11 2.99572e-11 1.72701e-12 5.18689e-13
threshold=0.50239711465725778 9.7084176479197204 0.49852655424705855 0.2994349604775432 0.099613038042497132 0.33139316088239573 0.52002319050246137 0.36644027603609375 1.9407953914789062
decision_type=2 2 2 2 2 2 2 2 2
left_child=1 2 3 4 -1 -2 -7 -8 -9
right_child=5 -3 -4 -5 -6 6 7 8 -10
leaf_value=-0.10000585551195232 0.10002290850283438 0.10003956756296704 -0.10004325743275722 -0.10004247175891068 -0.1000423249252762 0.10001863517775772 0.10001083129481292 0.10000934878059005 0.10000789677674755
leaf_weight=0.051915538399043726 0.0043151058780495069 0.0011843789252452544 0.0012966303911525747 0.0012731284950859836 0.001268674823222681 0.0028793932215194209 0.0022378788053174494 0.0026161841306020497 0.041260738529672381
leaf_count=958 33 3 3 3 3 25 21 28 523
internal_value=-0.00114218 -0.0958472 -0.100008 -0.100008 -0.100007 0.10001 0.100009 0.100008 0.100008
internal_weight=0.110248 0.0569384 0.055754 0.0544573 0.0531842 0.0533093 0.0489942 0.0461148 0.0438769
internal_count=1600 970 967 964 961 630 597 572 551
is_linear=0
shrinkage=0.1


Tree=90
num_leaves=10
num_cat=0
split_feature=4 0 5 4 3 3 5 1 0
split_gain=0.0955616 0.00419948 1.19585e-10 1.17684e-10 1.22018e-10 5.90331e-11 2.22106e-11 1.27941e-12 3.88793e-13
threshold=0.50239711465725778 9.7084176479197204 0.49852655424705855 0.2994349604775432 0.099613038042497132 0.33139316088239573 0.52002319050246137 0.36644027603609375 1.9407953914789062
decision_type=2 2 2 2 2 2 2 2 2
left_child=1 2 3 4 -1 -2 -7 -8 -9
right_child=5 -3 -4 -5 -6 6 7 8 -10
leaf_value=-0.10000529639841974 0.10002073169532218 0.10003580038231881 -0.10003914293921319 -0.10003842553229254 -0.10003829423547823 0.10001686321564296 0.10000979823844949 0.10000846408534787 0.10000714251453147
leaf_weight=0.046975370696600294 0.0039045498924679114 0.0010717086552176616 0.001173285534605383 0.0011520185507833949 0.0011479883396532378 0.002605426561785861 0.0020249363005859769 0.0023672412498854092 0.037334525550249964
leaf_count=958 33 3 3 3 3 25 21 28 523
internal_value=-0.00114218 -0.0958464 -0.100008 -0.100007 -0.100006 0.100009 0.100008 0.100007 0.100007
internal_weight=0.0997571 0.0515204 0.0504487 0.0492754 0.0481234 0.0482367 0.0443321 0.0417267 0.0397018
internal_count=1600 970 967 964 961 630 597 572 551
is_linear=0
shrinkage=0.1


Tree=91
num_leaves=10
num_cat=0
split_feature=4 0 5 4 3 3 5 1 0
split_gain=0.086467 0.00303506 8.9131e-11 8.78287e-11 9.10194e-11 4.37212e-11 1.64406e-11 9.49144e-13 2.91274e-13
threshold=0.50239711465725778 2.8824996119290929 0.49852655424705855 0.2994349604775432 0.099613038042497132 0.33139316088239573 0.52002319050246137 0.36644027603609375 1.9407953914789062
decision_type=2 2 2 2 2 2 2 2 2
left_child=1 2 3 4 -1 -2 -7 -8 -9
right_child=5 -3 -4 -5 -6 6 7 8 -10
leaf_value=-0.1000046837811103 0.10001875535787129 0.060613196776870604 -0.10003541243636536 -0.10003477632456421 -0.10003464625716241 0.10001525328038122 0.10000886574662962 0.10000766324781961 0.10000646072274913
leaf_weight=0.042267304634151515 0.0035330491446075021 0.0012077241844963274 0.0010616701911203555 0.0010424256033729753 0.0010387787770014248 0.0023575233863084568 0.0018322543546673833 0.0021419847907964132 0.033781893100240268
leaf_count=957 33 4 3 3 3 25 21 28 523
internal_value=-0.00114218 -0.0958456 -0.100007 -0.100006 -0.100005 0.100008 0.100007 0.100007 0.100007
internal_weight=0.0902646 0.0466179 0.0454102 0.0443485 0.0433061 0.0436467 0.0401137 0.0377561 0.0359239
internal_count=1600 970 966 963 960 630 597 572 551
is_linear=0
shrinkage=0.1


Tree=92
num_leaves=10
num_cat=0
split_feature=4 1 5 4 3 3 5 1 0
split_gain=0.0781755 0.00280456 5.13329e-11 5.11883e-11 5.32226e-11 3.23983e-11 1.21843e-11 7.04665e-13 2.10942e-13
threshold=0.50239711465725778 0.61664944541737554 0.49465736478710609 0.29591194320945324 0.09909089732061642 0.33139316088239573 0.52002319050246137 0.36644027603609375 1.9407953914789062
decision_type=2 2 2 2 2 2 2 2 2
left_child=1 2 3 4 -1 -2 -7 -8 -9
right_child=5 -3 -4 -5 -6 6 7 8 -10
leaf_value=-0.10000425077471738 0.10001697061571571 0.057921878653165587 -0.1000266089568322 -0.10002617545317377 -0.10002585993770825 0.10001380184537978 0.10000802288043478 0.10000692096885044 0.10000584516642007
leaf_weight=0.037568080133496551 0.0031968891853466621 0.0011560954590095198 0.0011894647250301196 0.0011655923954094751 0.001175438563222996 0.0021332047690520986 0.0016579055518377564 0.0019381614984013132 0.030567301051632967
leaf_count=939 33 4 9 9 9 25 21 28 523
internal_value=-0.0011439 -0.0956852 -0.100006 -0.100006 -0.100005 0.100007 0.100006 0.100006 0.100006
internal_weight=0.0817481 0.0422547 0.0410986 0.0399091 0.0387435 0.0394935 0.0362966 0.0341634 0.0325055
internal_count=1600 970 966 957 948 630 597 572 551
is_linear=0
shrinkage=0.1


Tree=93
num_leaves=10
num_cat=0
split_feature=3 4 5 4 3 5 1 0 1
split_gain=0.0707161 0.00161319 3.96351e-11 3.9608e-11 2.39925e-11 9.02124e-12 6.91984e-12 5.50016e-12 5.22409e-13
threshold=0.099613038042497132 0.50239711465725778 0.49465736478710609 0.29591194320945324 0.33139316088239573 0.52002319050246137 0.50770792135647258 2.0715536119842977 0.36644027603609375
decision_type=2 2 2 2 2 2 2 2 2
left_child=2 -2 3 6 -3 -6 7 -1 -7
right_child=1 4 -4 -5 5 8 -8 -9 -10
leaf_value=-0.10000351406579677 0.00063602460109744808 0.10001535826572197 -0.1000240749917118 -0.10002368539951878 0.10001249093187073 0.10000726457987817 -0.10001168403243009 -0.10001072882371523 0.10000535146482377
leaf_weight=0.03223464248367236 0.0017119528783950946 0.002892709235311485 0.0010762980964500448 0.0010546965422690837 0.0019302275359223122 0.001500145830505061 0.0011369430540071326 0.0010924627276835954 0.029412315536319511
leaf_count=917 6 33 9 9 25 21 15 14 551
internal_value=-0.00114567 0.0954638 -0.100005 -0.100005 0.100007 0.100006 -0.100004 -0.100004 0.100005
internal_weight=0.0740424 0.0374474 0.036595 0.0355187 0.0357354 0.0328427 0.034464 0.0333271 0.0309125
internal_count=1600 636 964 955 630 597 946 931 572
is_linear=0
shrinkage=0.1


Tree=94
num_leaves=10
num_cat=0
split_feature=4 3 3 5 5 4 1 0 1
split_gain=0.0641387 0.00146621 3.8619e-11 2.57989e-11 1.9823e-11 9.58789e-12 5.11311e-12 3.47906e-12 4.49113e-13
threshold=0.2994349604775432 0.30488551123755581 0.09909089732061642 0.49046569081706209 0.52396680919592309 0.51825651279408647 0.50770792135647258 2.0409438758565419 0.36357402311192027
decision_type=2 2 2 2 2 2 2 2 2
left_child=2 -2 3 6 -3 -6 7 -1 -7
right_child=1 4 -4 -5 5 8 -8 -9 -10
leaf_value=-0.10000318817316961 0.00054187436380914971 0.10001447719977066 -0.10002373169534645 -0.10001889052271798 0.10001267512243112 0.10000673773387936 -0.10001057202884865 -0.10000878962910741 0.10000485633512482
leaf_weight=0.028814467801566934 0.0015530547243542961 0.0026088448648806653 0.0010438704957778091 0.0011506980190461027 0.001701926190435187 0.0013319264580786685 0.0010292437400494228 0.0011531927375472142 0.026772357829031534
leaf_count=906 6 33 9 15 24 20 15 19 553
internal_value=-0.00114297 0.0954585 -0.100005 -0.100004 0.100006 0.100005 -0.100004 -0.100003 0.100005
internal_weight=0.0671596 0.0339681 0.0331915 0.0321476 0.0324151 0.0298062 0.0309969 0.0299677 0.0281043
internal_count=1600 636 964 955 630 597 940 925 573
is_linear=0
shrinkage=0.1


Tree=95
num_leaves=10
num_cat=0
split_feature=5 0 4 3 5 4 3 1 0
split_gain=0.0581362 0.00178584 2.29406e-11 2.42278e-11 1.95149e-11 1.05378e-11 1.51248e-11 2.87468e-13 8.70137e-14
threshold=0.50240353187017794 2.2717542410356044 0.2943273898966316 0.098352617581168936 0.49046569081706209 0.52444446303448966 0.32485513018750017 0.36644027603609375 1.9407953914789062
decision_type=2 2 2 2 2 2 2 2 2
left_child=1 2 3 4 -1 -2 -7 -8 -9
right_child=5 -3 -4 -5 -6 6 7 8 -10
leaf_value=-0.10000314492999385 0.10001230518879189 0.030146338338252712 -0.10001895715919784 -0.1000187537602316 -0.10001709501215617 0.10001375312432442 0.10000594792522687 0.10000513448644754 0.10000433172343848
leaf_weight=0.027180991530258325 0.0021920666331425301 0.0010920991335296995 0.00109702648660459 0.0011050351513404158 0.0010412124102003864 0.0018794951683958052 0.0012282308307476333 0.0014358522566908496 0.022664576852548635
leaf_count=919 33 6 15 15 15 25 21 28 523
internal_value=-0.00114026 -0.0954948 -0.100005 -0.100004 -0.100004 0.100006 0.100005 0.100004 0.100004
internal_weight=0.0609166 0.0315164 0.0304243 0.0293272 0.0282222 0.0294002 0.0272082 0.0253287 0.0241004
internal_count=1600 970 964 949 934 630 597 572 551
is_linear=0
shrinkage=0.1


Tree=96
num_leaves=10
num_cat=0
split_feature=5 1 4 3 3 4 5 0 1
split_gain=0.0526953 0.00123009 1.48081e-11 1.59748e-11 1.45391e-11 8.59638e-12 5.11274e-12 2.44531e-12 2.33398e-12
threshold=0.49852655424705855 0.32146132812007994 0.29280876728880939 0.097862625465911304 0.32485513018750017 0.52444446303448966 0.52002319050246137 1.9696891216957941 0.49495627560208966
decision_type=2 2 2 2 2 2 2 2 2
left_child=2 -2 3 7 -3 -6 -7 8 -1
right_child=1 4 -4 -5 5 6 -8 -9 -10
leaf_value=-0.10000260432713773 -9.1494186512471634e-05 0.10001391244285412 -0.10001509938386921 -0.10001508414465657 0.10001129327515756 0.10001031695499274 0.1000039754520806 -0.10000764516083341 -0.10000746974966722
leaf_weight=0.022841653453724575 0.0012869958991359445 0.0019274502665211904 0.0011608998975134446 0.0011493384809000409 0.0019354941468918687 0.0013515271784854113 0.021434638318169164 0.0010959388655464855 0.0010304299212293691
leaf_count=876 14 26 21 21 32 23 541 23 23
internal_value=-0.00114092 0.0953942 -0.100004 -0.100004 0.100006 0.100005 0.100004 -0.100003 -0.100003
internal_weight=0.0552144 0.0279361 0.0272783 0.0261174 0.0266491 0.0247217 0.0227862 0.024968 0.0238721
internal_count=1600 636 964 943 622 596 564 922 899
is_linear=0
shrinkage=0.1


Tree=97
num_leaves=10
num_cat=0
split_feature=5 0 5 4 3 4 3 1 0
split_gain=0.0476445 0.0012311 1.1728e-11 1.16009e-11 5.88867e-12 5.74754e-12 8.29263e-12 2.58266e-13 4.68098e-14
threshold=0.50240353187017794 2.1573261029864308 0.473320388204722 0.29280876728880939 0.097368283141906875 0.52444446303448966 0.32485513018750017 0.36644027603609375 1.9407953914789062
decision_type=2 2 2 2 2 2 2 2 2
left_child=1 2 3 4 -1 -2 -7 -8 -9
right_child=5 -3 -4 -5 -6 6 7 8 -10
leaf_value=-0.10000254549137773 0.1000100750580325 0.0034547184547635322 -0.10001207997733558 -0.10001366198783651 -0.100010334198298 0.10001126205350429 0.10000518786921959 0.10000419814058059 0.1000035474585534
leaf_weight=0.021008809197155642 0.0017947499363799571 0.0012062360001436892 0.001667164127866271 0.0010504400142963269 0.0010177273870795025 0.0015447607620444606 0.0010609168821247286 0.0011755875857488709 0.018556318624177948
leaf_count=873 33 11 39 21 26 25 21 28 523
internal_value=-0.00113812 -0.095195 -0.100004 -0.100003 -0.100003 0.100005 0.100004 0.100004 0.100004
internal_weight=0.0500827 0.0259504 0.0247441 0.023077 0.0220265 0.0241323 0.0223376 0.0207928 0.0197319
internal_count=1600 970 959 920 899 630 597 572 551
is_linear=0
shrinkage=0.1


Tree=98
num_leaves=10
num_cat=0
split_feature=3 4 3 5 4 5 0 1 1
split_gain=0.0432033 0.00107812 8.32852e-12 7.39286e-12 7.59426e-12 3.83716e-12 1.62639e-12 1.0544e-12 1.83412e-13
threshold=0.099613038042497132 0.50239711465725778 0.33139316088239573 0.48157033213192929 0.29051191358994949 0.52002319050246137 1.925308569863571 0.47860926166987838 0.38614334803712524
decision_type=2 2 2 2 2 2 2 2 2
left_child=3 -2 -3 4 6 -4 7 -1 -7
right_child=1 2 5 -5 -6 8 -8 -9 -10
leaf_value=-0.10000213492536497 0.00057350957929479111 0.10001068727121648 0.10000907590576391 -0.10001145595811296 -0.10001104766133678 0.1000046140373807 -0.10000626519552616 -0.10000544269040718 0.10000324160720885
leaf_weight=0.018104902337654494 0.0011477019288577131 0.0018480136459402266 0.0012327809490670907 0.001077678938600001 0.0011028208191419244 0.0010302003684046204 0.001100011471862671 0.0010178631546295938 0.017769561094610253
leaf_count=848 6 33 25 27 27 23 31 31 549
internal_value=-0.00113569 0.0950487 0.100004 -0.100003 -0.100003 0.100004 -0.100003 -0.100002 0.100003
internal_weight=0.0454315 0.0230283 0.0218806 0.0224033 0.0213256 0.0200325 0.0202228 0.0191228 0.0187998
internal_count=1600 636 630 964 937 597 910 879 572
is_linear=0
shrinkage=0.1


Tree=99
num_leaves=10
num_cat=0
split_feature=4 3 5 5 3 4 0 1 1
split_gain=0.0391942 0.000979722 7.79367e-12 7.48391e-12 3.39886e-12 3.15453e-12 1.213e-12 6.00728e-13 1.49269e-13
threshold=0.2994349604775432 0.30488551123755581 0.52396680919592309 0.473320388204722 0.096573564749256671 0.51825651279408647 1.925308569863571 0.46463518721388991 0.38614334803712524
decision_type=2 2 2 2 2 2 2 2 2
left_child=3 -2 -3 4 6 -4 7 -1 -7
right_child=1 2 5 -5 -6 8 -8 -9 -10
leaf_value=-0.1000019266303665 0.00048814281197198889 0.10001044538411921 0.10000861466257505 -0.10001023753216383 -0.10000801304300139 0.10000418874137081 -0.10000560572900857 -0.10000440198387478 0.10000293787887915
leaf_weight=0.015759322417579824 0.0010411621624371028 0.0016878277328942195 0.0010677453046810106 0.0013831916112394529 0.0010999231071764362 0.0010141632956219828 0.0010363483943365273 0.0010454475122969589 0.016082374291727319
leaf_count=816 6 33 24 39 38 25 32 39 548
internal_value=-0.00113276 0.0950448 0.100004 -0.100003 -0.100003 0.100003 -0.100002 -0.100002 0.100003
internal_weight=0.0412175 0.0208933 0.0198521 0.0203242 0.018941 0.0181643 0.0178411 0.0168048 0.0170965
internal_count=1600 636 630 964 925 597 887 855 573
is_linear=0
shrinkage=0.1


end of trees

feature_importances:
Column_3=205
Column_4=202
Column_5=197
Column_1=147
Column_0=141

parameters:
[boosting: gbdt]
[objective: binary]
[metric: binary_logloss]
[tree_learner: serial]
[device_type: cpu]
[data_sample_strategy: bagging]
[data: ]
[valid: ]
[num_iterations: 100]
[learning_rate: 0.1]
[num_leaves: 31]
[num_threads: 8]
[seed: 42]
[deterministic: 0]
[force_col_wise: 0]
[force_row_wise: 0]
[histogram_pool_size: -1]
[max_depth: 5]
[min_data_in_leaf: 20]
[min_sum_hessian_in_leaf: 0.001]
[bagging_fraction: 1]
[pos_bagging_fraction: 1]
[neg_bagging_fraction: 1]
[bagging_freq: 0]
[bagging_seed: 400]
[bagging_by_query: 0]
[feature_fraction: 1]
[feature_fraction_bynode: 1]
[feature_fraction_seed: 30056]
[extra_trees: 0]
[extra_seed: 12879]
[early_stopping_round: 0]
[early_stopping_min_delta: 0]
[first_metric_only: 0]
[max_delta_step: 0]
[lambda_l1: 0]
[lambda_l2: 0]
[linear_lambda: 0]
[min_gain_to_split: 0]
[drop_rate: 0.1]
[max_drop: 50]
[skip_drop: 0.5]
[xgboost_dart_mode: 0]
[uniform_drop: 0]
[drop_seed: 17869]
[top_rate: 0.2]
[other_rate: 0.1]
[min_data_per_group: 100]
[max_cat_threshold: 32]
[cat_l2: 10]
[cat_smooth: 10]
[max_cat_to_onehot: 4]
[top_k: 20]
[monotone_constraints: ]
[monotone_constraints_method: basic]
[monotone_penalty: 0]
[feature_contri: ]
[forcedsplits_filename: ]
[refit_decay_rate: 0.9]
[cegb_tradeoff: 1]
[cegb_penalty_split: 0]
[cegb_penalty_feature_lazy: ]
[cegb_penalty_feature_coupled: ]
[path_smooth: 0]
[interaction_constraints: ]
[verbosity: -1]
[saved_feature_importance_type: 0]
[use_quantized_grad: 0]
[num_grad_quant_bins: 4]
[quant_train_renew_leaf: 0]
[stochastic_rounding: 1]
[linear_tree: 0]
[max_bin: 255]
[max_bin_by_feature: ]
[min_data_in_bin: 3]
[bin_construct_sample_cnt: 200000]
[data_random_seed: 175]
[is_enable_sparse: 1]
[enable_bundle: 1]
[use_missing: 1]
[zero_as_missing: 0]
[feature_pre_filter: 1]
[pre_partition: 0]
[two_round: 0]
[header: 0]
[label_column: ]
[weight_column: ]
[group_column: ]
[ignore_column: ]
[categorical_feature: ]
[forcedbins_filename: ]
[precise_float_parser: 0]
[parser_config_file: ]
[objective_seed: 16083]
[num_class: 1]
[is_unbalance: 0]
[scale_pos_weight: 1]
[sigmoid: 1]
[boost_from_average: 1]
[reg_sqrt: 0]
[alpha: 0.9]
[fair_c: 1]
[poisson_max_delta_step: 0.7]
[tweedie_variance_power: 1.5]
[lambdarank_truncation_level: 30]
[lambdarank_norm: 1]
[label_gain: ]
[lambdarank_position_bias_regularization: 0]
[eval_at: ]
[multi_error_top_k: 1]
[auc_mu_weights: ]
[num_machines: 1]
[local_listen_port: 12400]
[time_out: 120]
[machine_list_filename: ]
[machines: ]
[gpu_platform_id: -1]
[gpu_device_id: -1]
[gpu_use_dp: 0]
[num_gpu: 1]

end of parameters

pandas_categorical:null
